# This file uses centimeters as units for non-parametric coordinates.

mtllib obb.mtl
g default
v -0.903607 8.077991 2.496595
v -0.649828 8.062662 2.234847
v -0.165137 8.011044 2.319907
v 0.306768 8.120193 2.218827
v 0.565473 8.166344 2.471994
v -1.591907 7.951302 3.432374
v -1.027632 7.633207 3.297133
v -0.129549 7.687219 3.282094
v 0.768535 7.741232 3.267055
v 1.294827 8.124914 3.384033
v -1.627337 8.179465 4.102653
v -1.043298 7.749403 4.002584
v 0.793692 7.859882 3.971822
v 1.325006 8.357024 4.053213
v -1.578807 8.630941 4.688970
v -1.015712 8.146877 4.630193
v -0.138039 8.199661 4.615495
v 0.739634 8.252446 4.600798
v 1.242320 8.800608 4.641728
v -1.487989 9.001283 4.930662
v -1.113392 9.246995 5.195333
v -0.196216 9.345197 5.255446
v 0.723598 9.357475 5.164571
v 1.115897 9.157885 4.887058
v -1.900972 9.150332 4.660416
v -1.128327 9.508239 5.241670
v -0.211152 9.606441 5.301784
v 0.708662 9.618718 5.210908
v 1.502302 9.270587 4.600256
v -1.808849 10.013197 4.349196
v -1.186033 10.374381 4.906413
v -0.268858 10.472589 4.966521
v 0.650957 10.484860 4.875650
v 1.293623 10.199784 4.297242
v -1.990159 10.638737 3.724752
v -1.240696 11.110079 4.322629
v -0.322679 11.203965 4.389341
v 0.596277 11.220829 4.292098
v 1.238198 10.995083 3.843686
v -1.631123 11.055096 3.759380
v -1.251158 11.206318 4.067441
v -0.332851 11.299191 4.137325
v 0.585804 11.317261 4.037074
v 0.968595 11.231358 3.679863
v -1.745642 11.024845 3.323735
v -1.233142 11.349464 3.147960
v -0.355469 11.402248 3.133262
v 0.522204 11.455033 3.118565
v 1.068736 11.221664 3.209423
v -1.806089 10.744363 2.639901
v -1.270258 11.091369 2.451792
v -0.351764 11.146610 2.436411
v 0.566731 11.201849 2.421030
v 1.146253 10.921921 2.590461
v -1.754770 10.288208 2.099644
v -1.229391 10.606606 1.927634
v -0.331307 10.660618 1.912595
v 0.566777 10.714630 1.897555
v 1.131964 10.461821 2.051303
v -1.002296 9.494072 1.689009
v -0.736334 9.303931 1.526955
v -0.265675 9.453662 1.497188
v 0.220262 9.361462 1.510936
v 0.466784 9.582425 1.664407
v -1.207138 9.233720 1.833589
v -0.710433 8.902453 1.605047
v -0.231848 8.932226 1.371976
v 0.245216 8.975741 1.602445
v 0.706053 9.348782 1.801551
v -1.175007 8.772677 2.096520
v -0.691970 8.671385 1.877720
v 0.263679 8.744672 1.875117
v 0.738184 8.887739 2.064482
v -1.142876 8.311634 2.359451
v -0.673507 8.440316 2.150392
v -0.190365 8.405453 2.088134
v 0.282142 8.513604 2.147790
v 0.770315 8.426697 2.327413
v 1.510585 10.112543 2.256687
v 1.566196 9.314585 2.711760
v 1.621807 8.516628 3.166833
v 1.540837 10.459131 2.860722
v 1.596448 9.661173 3.315795
v 1.652059 8.863215 3.770867
v 1.448073 10.816254 3.498264
v 1.503684 10.018296 3.953336
v 1.559295 9.220338 4.408409
v -2.081750 9.896495 2.316844
v -2.026139 9.098537 2.771917
v -1.970528 8.300579 3.226990
v -2.133142 10.238172 2.922246
v -2.077531 9.440214 3.377319
v -2.021920 8.642256 3.832392
v -2.062618 10.605115 3.557054
v -2.007007 9.807157 4.012126
v -1.951396 9.009199 4.467199
v -0.627913 7.729472 3.489188
v -0.128730 7.699785 3.376132
v -0.778826 7.744026 3.888732
v 0.366792 7.789295 3.472531
v 0.528120 7.822628 3.866846
v -0.134770 8.064367 4.324794
v -0.676519 7.967387 4.220945
v 0.410927 8.032787 4.202734
v -0.729712 7.134749 3.762897
v -0.088029 7.048027 3.465883
v -0.835074 7.207796 4.192906
v 0.548190 7.211604 3.741498
v 0.658328 7.297612 4.167898
v -0.101330 7.648994 4.829927
v -0.720722 7.454688 4.578215
v 0.528137 7.529797 4.557302
v -0.694820 6.635909 4.054958
v -0.046340 6.472690 3.889121
v -0.748758 6.689131 4.497148
v 0.583082 6.712764 4.033559
v 0.644976 6.772952 4.473809
v -0.064565 7.089184 5.014850
v -0.691893 7.037375 4.801059
v 0.556966 7.112484 4.780145
v -0.476236 6.540266 4.266037
v -0.044658 6.506473 4.110873
v -0.038654 6.539483 4.587977
v -0.517883 6.652291 4.520505
v 0.384697 6.592044 4.251620
v 0.421087 6.708762 4.504781
v -0.056937 6.921810 4.869286
v -0.474264 6.810738 4.768691
v 0.367103 6.861339 4.754601
v -0.677693 8.462207 1.229756
v -0.194551 8.427344 1.167499
v -0.659230 8.231139 1.502429
v 0.277956 8.535495 1.227154
v 0.296419 8.304426 1.499826
v -0.157625 7.965207 1.712844
v -0.640767 8.000070 1.775102
v 0.314882 8.073358 1.772499
v -0.813392 8.401808 1.051091
v -0.189677 8.356801 0.970719
v -0.789557 8.103510 1.403098
v 0.420308 8.496419 1.047731
v 0.444143 8.198121 1.399738
v -0.142007 7.760204 1.674733
v -0.765722 7.805212 1.755105
v 0.467978 7.899823 1.751745
v -0.854695 8.164702 0.739599
v -0.171402 8.106909 0.644358
v -0.883422 7.806268 1.157565
v 0.552612 8.272627 0.735767
v 0.580902 7.918565 1.153577
v -0.114821 7.398786 1.479978
v -0.855131 7.452207 1.575375
v 0.609193 7.564504 1.571387
v -1.224945 6.095927 -0.830169
v -0.018857 6.117748 -1.419773
v -1.748027 5.743401 0.011582
v 1.175473 6.274048 -0.826556
v 1.742336 6.002401 0.016834
v 0.050786 5.124858 1.260829
v -1.181164 5.471754 0.854973
v 1.219253 5.649875 0.858585
v -1.245110 4.891005 -0.929845
v -0.000000 4.646479 -0.929845
v -1.245110 4.891005 0.000000
v 1.245110 4.891005 -0.929845
v 1.245110 4.891005 0.000000
v -0.000000 4.646479 1.275484
v -1.245110 4.891005 0.929845
v 1.245110 4.891005 0.929845
v -0.675386 4.167480 -0.502998
v 0.083525 4.006471 -0.626393
v 0.010580 3.970398 0.050780
v -0.801766 4.167216 0.026287
v 0.676075 4.167811 -0.502991
v 0.966262 4.167216 0.026287
v 0.085853 4.000589 0.669495
v -0.674859 4.162194 0.506221
v 0.676589 4.162865 0.506235
v -0.668761 8.350421 1.361669
v -0.701501 8.790668 1.736960
v -1.191594 9.010678 1.960789
v -2.054847 9.510461 2.536998
v -2.106239 9.852138 3.142400
v -2.035715 10.219081 3.777208
v -1.837461 10.423748 4.115060
v -1.214157 10.753977 4.606362
v -0.296511 10.849467 4.669583
v 0.622826 10.864568 4.575695
v 1.360636 10.458575 3.941341
v 1.474977 10.430220 3.718418
v 1.567740 10.073097 3.080876
v 1.537488 9.726509 2.476841
v 0.721597 9.125740 1.928751
v 0.254148 8.863955 1.734357
v 0.286888 8.423709 1.359067
v 0.431839 8.352109 1.218024
v 0.566298 8.101340 0.937894
v 1.587501 6.207537 -0.565193
v 1.245110 4.891006 -0.480007
v 0.966598 4.167191 -0.312388
v 0.083174 4.003186 -0.310317
v -0.801478 4.166860 -0.312794
v -1.245110 4.891006 -0.480007
v -1.623424 5.969273 -0.570025
v -0.898026 7.989042 0.941882
v -0.801861 8.257498 1.221384
v -0.651389 8.133012 1.618223
v -0.684129 8.573259 1.993514
v -1.161362 8.576889 2.208177
v -2.002523 8.759674 2.965170
v -2.053915 9.101351 3.570572
v -1.983391 9.468294 4.205379
v -1.785312 9.675463 4.541804
v -1.161527 10.006562 5.048784
v -0.244352 10.104765 5.108898
v 0.675462 10.117042 5.018022
v 1.317160 9.862051 4.489851
v 1.527300 9.679433 4.146589
v 1.620064 9.322310 3.509047
v 1.589812 8.975722 2.905013
v 0.751829 8.691952 2.176139
v 0.271519 8.646546 1.990911
v 0.304259 8.206300 1.615620
v 0.454264 8.071445 1.549223
v 0.592916 7.768209 1.331006
v 1.615051 5.814752 0.495248
v 1.245110 4.891006 0.394871
v 0.966635 4.165429 0.308128
v 0.096999 3.926884 0.360912
v -0.801404 4.165251 0.307889
v -1.245110 4.891006 0.394871
v -1.595874 5.576488 0.490416
v -0.871408 7.655911 1.334994
v -0.779435 7.976834 1.552583
v -1.786227 5.113595 2.562328
v -1.785251 5.203425 2.742282
v -1.376105 5.133088 2.656258
v -1.423695 5.238248 2.858402
v -1.693957 5.007690 2.365403
v -1.315462 5.004985 2.411360
v 0.926262 5.268046 2.667893
v 0.971373 5.369917 2.834739
v 0.653279 5.543853 2.952986
v 0.519255 5.461115 2.776408
v 0.789890 5.182889 2.486813
v 0.439397 5.323197 2.539312
v 0.285405 4.072597 0.214301
v 0.285405 4.072597 -0.260506
v 0.456208 4.074121 -0.630024
v 0.525886 4.749757 -0.929845
v 0.656823 6.195348 -1.165951
v 0.134393 8.176902 0.682965
v 0.067957 8.415770 1.003246
v 0.005018 8.473022 1.192695
v -0.032644 8.982926 1.385454
v -0.060434 9.414720 1.502995
v 0.048008 10.683431 1.906243
v 0.036173 11.169940 2.429915
v 0.015226 11.424543 3.127054
v 0.055457 11.305307 4.097448
v 0.065695 11.209794 4.350067
v 0.091941 10.854901 4.630933
v 0.119621 10.477871 4.928060
v 0.144142 10.109950 5.070516
v 0.177342 9.611626 5.263401
v 0.192277 9.350383 5.217064
v 0.232656 8.221955 4.609288
v 0.095711 8.051029 4.273241
v 0.164290 7.606550 4.728664
v 0.197946 7.099025 4.915720
v 0.122161 6.896269 4.820848
v 0.159836 6.549094 4.588132
v 0.136685 6.542615 4.170319
v 0.219504 6.574088 3.950126
v 0.181415 7.093367 3.540560
v 0.080560 7.737591 3.416847
v 0.249767 7.710032 3.275742
v 0.034177 8.057145 2.277215
v 0.009204 8.451132 2.113330
v 0.041944 8.010886 1.738040
v 0.115627 7.819174 1.707260
v 0.190974 7.468779 1.518586
v 0.715386 5.360421 1.088182
v 0.525886 4.749757 1.219435
v 0.457735 4.057949 0.691058
v -0.367040 4.092187 0.214463
v -0.367042 4.092346 -0.260282
v -0.397311 4.093694 -0.629356
v -0.676393 4.779315 -0.929845
v -0.895354 6.105108 -1.157672
v -0.573567 8.135929 0.696181
v -0.528503 8.381251 1.014380
v -0.457013 8.446283 1.201319
v -0.489752 8.886529 1.576610
v -0.521356 9.372322 1.513359
v -0.819182 10.631276 1.920765
v -0.850726 11.116601 2.444767
v -0.832255 11.373573 3.141247
v -0.831480 11.247652 4.101376
v -0.821197 11.152018 4.354568
v -0.794890 10.796890 4.636059
v -0.767116 10.419315 4.933803
v -0.742598 10.051417 5.076242
v -0.709398 9.553094 5.269127
v -0.694462 9.291850 5.222791
v -0.614825 8.170986 4.623480
v -0.429069 8.011684 4.268380
v -0.438051 7.551340 4.707071
v -0.405354 7.061040 4.898710
v -0.283645 6.861471 4.814639
v -0.294677 6.538879 4.586617
v -0.279108 6.524831 4.195164
v -0.398620 6.561357 3.979210
v -0.435887 7.071389 3.585501
v -0.399906 7.715912 3.437548
v -0.711893 7.704283 3.244451
v -0.428440 8.039085 2.273699
v -0.452826 8.424392 2.121955
v -0.420087 7.984146 1.746665
v -0.480834 7.784654 1.718394
v -0.516987 7.427806 1.531802
v -0.837742 5.283687 1.098910
v -0.675654 4.776474 1.216314
v -0.395793 4.076199 0.691506
v 0.827843 6.874571 1.083896
v 1.125188 6.998435 0.810938
v 1.220810 7.139407 0.451529
v 1.104490 7.293516 0.014279
v 0.794953 7.343482 -0.182071
v 0.405316 7.284360 -0.437042
v -0.102290 7.226063 -0.627726
v -0.761011 7.220787 -0.430288
v -1.143166 7.263131 -0.355438
v -1.600314 7.133793 -0.099866
v -1.401334 6.944832 0.447583
v -1.287029 6.819438 0.807308
v -0.975477 6.740757 1.081182
v -0.717015 6.593546 1.263136
v -0.049971 6.480152 1.386083
v 0.449312 6.657119 1.256382
v 1.023724 8.150452 1.312750
v 0.978559 8.067695 1.135658
v 0.842242 7.963424 0.964824
v 0.516307 7.832127 1.149709
v 0.597747 7.952266 1.396343
v 0.731715 8.054117 1.562676
v 1.350267 6.753340 1.868267
v 1.309263 6.660745 1.716612
v 1.185308 6.583340 1.552019
v 0.851924 6.663505 1.632189
v 0.925899 6.790080 1.847055
v 1.047720 6.865285 2.007556
v 1.214139 5.913310 2.411912
v 1.169772 5.852308 2.330956
v 1.165108 5.870052 2.199588
v 1.018580 5.935602 2.205037
v 1.049038 6.002280 2.339668
v 1.077284 5.992807 2.456818
v -1.346863 8.029062 1.368577
v -1.018322 7.913812 1.555181
v -0.927434 7.803611 1.366547
v -0.905004 7.679615 1.109612
v -1.251386 7.831750 0.993184
v -1.343513 7.944504 1.186674
v -1.663106 6.700501 1.963128
v -1.337830 6.681982 2.094192
v -1.254259 6.587726 1.919869
v -1.234829 6.469107 1.689190
v -1.576327 6.521152 1.621912
v -1.661021 6.617729 1.800650
v -1.843401 5.741329 2.388115
v -1.680341 5.760643 2.425754
v -1.598559 5.682204 2.337759
v -1.672159 5.710462 2.156144
v -1.832408 5.673521 2.167569
v -1.756585 5.600984 2.335968
v 0.826549 4.143532 0.017547
v 0.826549 4.143532 0.216827
v 0.476659 4.076275 0.227866
v 0.826549 4.143532 -0.224699
v 0.342584 4.076275 -0.260129
v 0.139713 4.027097 -0.001138
v 0.198176 4.027097 0.216827
v 0.198176 4.027097 -0.224699
v 0.936818 2.102177 -0.011133
v 0.867685 2.030303 0.160366
v 0.599595 2.021856 0.166140
v 0.867685 2.188972 -0.215438
v 0.465520 2.201666 -0.245599
v 0.267959 2.108545 -0.024958
v 0.324892 2.030899 0.160863
v 0.324892 2.196643 -0.214655
v 0.883302 0.953434 -1.183549
v 0.813983 0.881877 -0.938894
v 0.575187 0.873766 -0.930784
v 0.813983 1.145629 -1.375744
v 0.441112 1.174386 -1.404502
v 0.255753 0.968257 -1.198376
v 0.309170 0.881875 -0.938896
v 0.309170 1.145627 -1.375746
v 0.672703 0.553059 -1.580489
v 1.143588 0.553059 -1.580489
v 1.238678 0.379018 -1.406447
v 0.559793 0.370623 -1.398054
v 0.994546 0.764626 -1.792055
v 0.667842 0.796815 -1.824246
v 0.259712 0.569378 -1.596808
v 0.141915 0.379017 -1.406448
v 0.455221 0.764625 -1.792055
v -0.057616 4.028072 -0.001185
v -0.050821 4.028075 0.213068
v -0.364834 4.090054 0.224269
v -0.050428 4.027692 -0.219451
v -0.364881 4.090265 -0.255714
v -0.668685 4.142557 0.017187
v -0.668685 4.142557 0.213131
v -0.668685 4.142557 -0.221003
v -0.142884 2.108787 -0.025536
v -0.171819 2.048857 0.117697
v -0.489178 2.046305 0.127449
v -0.171819 2.170249 -0.172407
v -0.489178 2.176831 -0.194392
v -0.796188 2.103264 -0.011444
v -0.727055 2.052057 0.120845
v -0.727055 2.165508 -0.172520
v -0.143439 0.968766 -1.198884
v -0.156864 0.921999 -0.979019
v -0.454624 0.914531 -0.971551
v -0.156864 1.105504 -1.335622
v -0.454624 1.126458 -1.356576
v -0.742672 0.957338 -1.187454
v -0.673352 0.922000 -0.979019
v -0.673352 1.105505 -1.335621
v -0.486744 0.557357 -1.584787
v -0.140675 0.569937 -1.597368
v 0.010640 0.423185 -1.450615
v -0.465832 0.415498 -1.442929
v -0.161715 0.720457 -1.747888
v -0.465832 0.744058 -1.771488
v -1.002957 0.557358 -1.584787
v -1.098048 0.423185 -1.450614
v -0.853916 0.720458 -1.747887
v 0.813983 0.798797 -0.343662
v 0.551876 0.798796 -0.343663
v 0.559793 0.057514 -1.084944
v 1.318034 0.057514 -1.084944
v 0.309170 0.798795 -0.343664
v 0.141915 0.057514 -1.084944
v -0.156864 0.798796 -0.343664
v -0.454624 0.798796 -0.343664
v -0.465832 0.057514 -1.084945
v 0.010640 0.057514 -1.084945
v -0.673352 0.798797 -0.343663
v -1.177403 0.057515 -1.084944
v 0.813983 0.467622 0.159177
v 0.551876 0.467621 0.159177
v 0.559793 -0.359494 -0.667937
v 1.278320 -0.359493 -0.667937
v 0.309170 0.467620 0.159175
v 0.141915 -0.359493 -0.667937
v -0.156864 0.467621 0.159175
v -0.454624 0.467621 0.159175
v -0.465832 -0.359493 -0.667938
v 0.010640 -0.359493 -0.667938
v -0.673352 0.467622 0.159176
v -1.137690 -0.359492 -0.667937
v 0.813983 -0.244721 0.285081
v 0.551876 -0.244722 0.285081
v 0.559793 -0.842982 -0.184448
v 0.982909 -0.718771 -0.308658
v 0.309170 -0.244723 0.285079
v 0.314270 -0.765608 -0.261823
v -0.156864 -0.244722 0.285080
v -0.454624 -0.244722 0.285080
v -0.425065 -0.842982 -0.184449
v -0.161906 -0.765608 -0.261823
v -0.673352 -0.244722 0.285080
v -0.842278 -0.718771 -0.308659
v 1.262448 0.019247 -0.289197
v 1.301639 0.396952 -0.745507
v 1.223327 0.609280 -1.192352
v 1.135308 0.736393 -1.398728
v 0.982403 0.939089 -1.601424
v 0.445404 0.969706 -1.632043
v 0.311934 0.939088 -1.601425
v 0.257899 0.752026 -1.414364
v 0.141271 0.609278 -1.192353
v 0.141271 0.396950 -0.745508
v 0.141271 0.019246 -0.289198
v 0.280513 -0.493844 -0.044641
v 0.556168 -0.657265 0.118781
v 0.970918 -0.569035 0.030552
v -0.460823 -0.663830 0.113628
v -0.128126 -0.500407 -0.049794
v 0.011238 0.010171 -0.298274
v 0.011238 0.388817 -0.753642
v 0.011238 0.646121 -1.239844
v -0.141910 0.748187 -1.419272
v -0.159547 0.892547 -1.563633
v -0.460823 0.914965 -1.586050
v -0.842063 0.892548 -1.563632
v -0.994875 0.736122 -1.407206
v -1.083064 0.646122 -1.239843
v -1.161402 0.388818 -0.753641
v -1.122198 0.010172 -0.298273
v -0.830575 -0.575599 0.025399
v -1.753477 6.219725 2.176149
v -1.509510 6.220170 2.260384
v -1.426836 6.133842 2.129333
v -1.454036 6.088843 1.923246
v -1.704685 6.096286 1.895417
v -1.708921 6.108096 2.068973
v -1.501161 7.380845 1.658664
v -1.174213 7.312791 1.818169
v -1.086895 7.210370 1.636518
v -1.065929 7.088997 1.392393
v -1.409927 7.192298 1.299946
v -1.498428 7.297159 1.486238
v 1.193832 7.422649 1.602138
v 1.150834 7.334766 1.438297
v 1.020957 7.244491 1.270714
v 0.691142 7.223352 1.401050
v 0.768692 7.346843 1.631135
v 0.896333 7.434813 1.794429
v 1.287422 6.365533 2.119246
v 1.244865 6.287523 2.000229
v 1.175982 6.254044 1.850975
v 0.928862 6.327462 1.896649
v 0.982747 6.426385 2.074474
v 1.061368 6.462497 2.214962
vt 0.270143 0.505204
vt 0.288090 0.484724
vt 0.279086 0.561191
vt 0.249659 0.579056
vt 0.307893 0.486049
vt 0.331184 0.492013
vt 0.325232 0.554905
vt 0.299946 0.556144
vt 0.349834 0.490810
vt 0.375046 0.493040
vt 0.369317 0.569877
vt 0.344378 0.559030
vt 0.388741 0.516585
vt 0.394755 0.592993
vt 0.280797 0.604151
vt 0.249747 0.623425
vt 0.534405 0.845706
vt 0.521499 0.834005
vt 0.576167 0.819814
vt 0.566556 0.839771
vt 0.613371 0.786171
vt 0.622279 0.800630
vt 0.617410 0.818468
vt 0.593269 0.817651
vt 0.386198 0.636442
vt 0.359240 0.611500
vt 0.278922 0.649788
vt 0.249591 0.670134
vt 0.598694 0.851910
vt 0.586703 0.857209
vt 0.616787 0.836212
vt 0.605359 0.844460
vt 0.377675 0.682404
vt 0.352746 0.656868
vt 0.263908 0.727408
vt 0.249382 0.698251
vt 0.295902 0.653463
vt 0.315411 0.657033
vt 0.306907 0.746801
vt 0.282909 0.738096
vt 0.330773 0.657718
vt 0.352687 0.735868
vt 0.326434 0.744416
vt 0.372518 0.710034
vt 0.257628 0.742080
vt 0.231848 0.698191
vt 0.305095 0.766144
vt 0.278112 0.755323
vt 0.356051 0.751459
vt 0.327231 0.762739
vt 0.389750 0.713329
vt 0.209344 0.710327
vt 0.239429 0.765480
vt 0.221443 0.778853
vt 0.191731 0.716860
vt 0.263906 0.785967
vt 0.301657 0.802130
vt 0.297872 0.830771
vt 0.246791 0.805183
vt 0.333411 0.796632
vt 0.369426 0.778020
vt 0.384412 0.794679
vt 0.345710 0.820155
vt 0.409446 0.729599
vt 0.425450 0.739384
vt 0.167509 0.719863
vt 0.188080 0.780671
vt 0.154011 0.775384
vt 0.142633 0.718828
vt 0.199921 0.809574
vt 0.215978 0.843611
vt 0.150951 0.836364
vt 0.153311 0.802185
vt 0.395027 0.835300
vt 0.417012 0.802796
vt 0.451649 0.803924
vt 0.445764 0.837451
vt 0.448705 0.746883
vt 0.473441 0.750536
vt 0.134916 0.765323
vt 0.125801 0.727148
vt 0.115827 0.822281
vt 0.127582 0.790508
vt 0.472402 0.797667
vt 0.475040 0.830714
vt 0.488457 0.761888
vt 0.073533 0.707059
vt 0.109106 0.696117
vt 0.026742 0.738158
vt 0.053655 0.720733
vt 0.543576 0.751944
vt 0.565121 0.773787
vt 0.510733 0.734564
vt 0.061115 0.645855
vt 0.097489 0.641859
vt 0.000000 0.649272
vt 0.034906 0.647560
vt 0.567226 0.694125
vt 0.599897 0.702670
vt 0.532332 0.683391
vt 0.068211 0.586420
vt 0.104772 0.589287
vt 0.018248 0.561872
vt 0.047147 0.576283
vt 0.571570 0.634311
vt 0.600661 0.626926
vt 0.535036 0.630313
vt 0.143053 0.475977
vt 0.138354 0.503760
vt 0.110400 0.460468
vt 0.128332 0.469372
vt 0.518822 0.511874
vt 0.538860 0.507282
vt 0.518238 0.540037
vt 0.183156 0.461653
vt 0.164308 0.504099
vt 0.152704 0.439594
vt 0.167345 0.451993
vt 0.482216 0.490207
vt 0.503455 0.481993
vt 0.492729 0.535498
vt 0.203863 0.460970
vt 0.184933 0.499518
vt 0.160967 0.042066
vt 0.134570 0.016966
vt 0.897924 0.811477
vt 0.925320 0.813876
vt 0.594655 0.086427
vt 0.572744 0.089386
vt 0.738290 0.777993
vt 0.783465 0.778628
vt 0.473387 0.527162
vt 0.462130 0.485818
vt 0.206783 0.498000
vt 0.225630 0.461614
vt 0.243839 0.462424
vt 0.223914 0.498450
vt 0.650862 0.480926
vt 0.829190 0.315826
vt 0.812759 0.312903
vt 0.831833 0.281985
vt 0.865910 0.000028
vt 0.859251 0.240562
vt 0.874652 0.234649
vt 0.892502 0.280708
vt 0.440622 0.482268
vt 0.452242 0.521561
vt 0.435351 0.518786
vt 0.422580 0.479686
vt 0.244028 0.503169
vt 0.269088 0.464956
vt 0.299433 0.460942
vt 0.334355 0.460149
vt 0.360910 0.465637
vt 0.397314 0.477311
vt 0.414736 0.519585
vt 0.505946 0.625507
vt 0.484044 0.614412
vt 0.461258 0.605097
vt 0.443055 0.601563
vt 0.419489 0.601029
vt 0.497969 0.672437
vt 0.476298 0.664678
vt 0.455115 0.656834
vt 0.438435 0.651287
vt 0.415395 0.644626
vt 0.483423 0.721713
vt 0.460848 0.716338
vt 0.439366 0.709224
vt 0.423526 0.701480
vt 0.402861 0.689322
vt 0.134187 0.590084
vt 0.158188 0.583010
vt 0.200601 0.578235
vt 0.182318 0.578344
vt 0.223840 0.582249
vt 0.133343 0.637359
vt 0.156001 0.633963
vt 0.195711 0.628222
vt 0.178305 0.630200
vt 0.219557 0.625886
vt 0.138424 0.688566
vt 0.161132 0.687630
vt 0.201020 0.680122
vt 0.183556 0.684689
vt 0.223577 0.672123
vt 0.484214 0.960018
vt 0.311665 0.565765
vt 0.524238 0.962994
vt 0.561019 0.956868
vt 0.728589 0.820595
vt 0.333830 0.566923
vt 0.710078 0.853059
vt 0.626097 0.944948
vt 0.317666 0.634088
vt 0.601331 0.952831
vt 0.340794 0.627475
vt 0.671872 0.914827
vt 0.480092 0.907086
vt 0.505997 0.912160
vt 0.530109 0.917625
vt 0.557918 0.913579
vt 0.683900 0.810449
vt 0.687913 0.779859
vt 0.670430 0.835018
vt 0.609783 0.908281
vt 0.629394 0.896001
vt 0.589080 0.913729
vt 0.659741 0.864177
vt 0.643784 0.885674
vt 0.502787 0.847780
vt 0.522412 0.863418
vt 0.535936 0.877921
vt 0.558777 0.872747
vt 0.644574 0.802019
vt 0.633560 0.779336
vt 0.631762 0.821576
vt 0.592763 0.875175
vt 0.606807 0.863892
vt 0.581379 0.884957
vt 0.635341 0.846986
vt 0.618697 0.856303
vt 0.542450 0.856672
vt 0.560847 0.858214
vt 0.577701 0.863855
vt 0.163208 0.412176
vt 0.183790 0.413762
vt 0.202811 0.415376
vt 0.219936 0.417271
vt 0.471409 0.441338
vt 0.494984 0.444018
vt 0.454113 0.439672
vt 0.308216 0.419270
vt 0.338366 0.418876
vt 0.239258 0.418349
vt 0.256092 0.418824
vt 0.418724 0.434483
vt 0.435151 0.437183
vt 0.361269 0.423518
vt 0.394599 0.429722
vt 0.157729 0.404133
vt 0.181970 0.400126
vt 0.701227 0.212860
vt 0.201724 0.397352
vt 0.475370 0.423905
vt 0.499865 0.432007
vt 0.782414 0.476952
vt 0.306220 0.403468
vt 0.340085 0.403836
vt 0.731226 0.220690
vt 0.717649 0.217274
vt 0.777055 0.446383
vt 0.779338 0.460211
vt 0.365929 0.408935
vt 0.398682 0.411898
vt 0.137955 0.382489
vt 0.168059 0.372932
vt 0.190045 0.369085
vt 0.212698 0.369897
vt 0.489264 0.397958
vt 0.519670 0.409066
vt 0.795644 0.502030
vt 0.310018 0.372211
vt 0.343597 0.372072
vt 0.488781 0.039168
vt 0.479133 0.043452
vt 0.484863 0.000023
vt 0.493665 0.016351
vt 0.020623 0.048036
vt 0.023585 0.037605
vt 0.046280 0.029285
vt 0.065210 0.035460
vt 0.368859 0.377411
vt 0.403854 0.381661
vt 0.077981 0.287232
vt 0.129140 0.284715
vt 0.156713 0.284188
vt 0.189760 0.275574
vt 0.534171 0.324202
vt 0.569729 0.328347
vt 0.510514 0.313417
vt 0.308683 0.283150
vt 0.354606 0.278600
vt 0.255836 0.371418
vt 0.775411 0.222655
vt 0.230576 0.283081
vt 0.257445 0.284646
vt 0.799897 0.521458
vt 0.780981 0.418377
vt 0.449252 0.302098
vt 0.477171 0.306226
vt 0.389342 0.289682
vt 0.419464 0.301176
vt 0.122315 0.177713
vt 0.060521 0.160974
vt 0.101182 0.067610
vt 0.138607 0.097263
vt 0.182988 0.190654
vt 0.151732 0.188896
vt 0.165522 0.120468
vt 0.195964 0.116359
vt 0.607225 0.225546
vt 0.564599 0.228737
vt 0.567894 0.158872
vt 0.610912 0.142048
vt 0.535082 0.222873
vt 0.539051 0.146133
vt 0.362382 0.179318
vt 0.310731 0.186915
vt 0.320588 0.111993
vt 0.367216 0.103748
vt 0.252096 0.192373
vt 0.221478 0.191646
vt 0.229555 0.113077
vt 0.255849 0.117701
vt 0.498381 0.214853
vt 0.468283 0.210246
vt 0.478260 0.134368
vt 0.505815 0.135822
vt 0.436221 0.206730
vt 0.402097 0.191748
vt 0.403594 0.115632
vt 0.444381 0.139407
vt 0.184510 0.052578
vt 0.804543 0.788171
vt 0.332516 0.060319
vt 0.376789 0.058245
vt 0.818928 0.789829
vt 0.826261 0.795628
vt 0.720495 0.771142
vt 0.728488 0.770851
vt 0.409556 0.066392
vt 0.437198 0.069509
vt 0.051002 0.054115
vt 0.028727 0.057655
vt 0.835943 0.000585
vt 0.841273 0.249685
vt 0.676403 0.495541
vt 0.841671 0.322901
vt 0.468634 0.037151
vt 0.468738 0.015359
vt 0.280861 0.418734
vt 0.683516 0.742174
vt 0.854629 0.792696
vt 0.879892 0.804974
vt 0.287775 0.127516
vt 0.300223 0.059233
vt 0.284362 0.194442
vt 0.281759 0.370252
vt 0.285808 0.289357
vt 0.280713 0.400291
vt 0.723280 0.195574
vt 0.736833 0.199105
vt 0.764456 0.198173
vt 0.664194 0.170815
vt 0.706915 0.191307
vt 0.683208 0.176992
vt 0.797371 0.442861
vt 0.799783 0.456661
vt 0.800892 0.415351
vt 0.799014 0.398933
vt 0.802700 0.473324
vt 0.815365 0.498060
vt 0.859694 0.031096
vt 0.876937 0.041556
vt 0.841045 0.015911
vt 0.677849 0.456851
vt 0.673063 0.444765
vt 0.683220 0.471929
vt 0.896041 0.427245
vt 0.898101 0.439622
vt 0.900759 0.454528
vt 0.910228 0.476851
vt 0.897008 0.388200
vt 0.897510 0.403080
vt 0.985303 0.417267
vt 0.001727 0.053542
vt 0.010542 0.072972
vt 0.037518 0.088145
vt 0.023914 0.000010
vt 0.013779 0.008641
vt 0.760685 0.101160
vt 0.784869 0.101760
vt 0.695741 0.076215
vt 0.712384 0.083061
vt 0.733885 0.094233
vt 0.748520 0.098097
vt 0.777485 0.014981
vt 0.518829 0.044609
vt 0.435547 0.016210
vt 0.437298 0.032700
vt 0.455910 0.057414
vt 0.476404 0.063331
vt 0.717186 0.760845
vt 0.730810 0.764670
vt 0.695279 0.748626
vt 0.746512 0.771499
vt 0.779740 0.778127
vt 0.678898 0.738872
vt 0.889538 0.802895
vt 0.664058 0.733132
vt 0.649092 0.726768
vt 0.764931 0.626017
vt 0.778771 0.630976
vt 0.747347 0.619686
vt 0.795239 0.637073
vt 0.821636 0.646881
vt 0.729236 0.613222
vt 0.714461 0.607671
vt 0.699443 0.601746
vt 0.834754 0.165286
vt 0.826471 0.194833
vt 0.833384 0.132684
vt 0.809742 0.218476
vt 0.786954 0.238782
vt 0.842015 0.097960
vt 0.833981 0.070546
vt 0.818170 0.056604
vt 0.859964 0.212438
vt 0.847871 0.222371
vt 0.946907 0.150528
vt 0.948894 0.137506
vt 0.976169 0.139246
vt 0.965355 0.164278
vt 0.830071 0.233851
vt 0.824146 0.028460
vt 0.946933 0.124477
vt 0.965831 0.116283
vt 0.847510 0.048502
vt 0.862261 0.062643
vt 0.831511 0.036363
vt 0.876193 0.796928
vt 0.890556 0.800066
vt 0.854886 0.792141
vt 0.904653 0.805523
vt 0.925233 0.813495
vt 0.833865 0.788955
vt 0.821186 0.783286
vt 0.805146 0.778221
vt 0.918524 0.667251
vt 0.929953 0.670961
vt 0.897579 0.659658
vt 0.941672 0.674678
vt 0.963091 0.680703
vt 0.881885 0.654001
vt 0.870847 0.649902
vt 0.857726 0.645266
vt 0.793639 0.375285
vt 0.815736 0.363473
vt 0.772753 0.408580
vt 0.832917 0.364560
vt 0.857687 0.365674
vt 0.749578 0.426832
vt 0.733732 0.448573
vt 0.728638 0.472002
vt 0.806636 0.336538
vt 0.824240 0.337395
vt 0.701604 0.313345
vt 0.688849 0.321988
vt 0.669361 0.302936
vt 0.694051 0.292848
vt 0.838489 0.340499
vt 0.701786 0.495743
vt 0.681389 0.330535
vt 0.658494 0.325834
vt 0.698444 0.452807
vt 0.697616 0.440243
vt 0.702805 0.469502
vt 0.868303 0.131220
vt 0.868338 0.150070
vt 0.903737 0.223831
vt 0.934486 0.270360
vt 0.884621 0.197310
vt 0.873977 0.114537
vt 0.889055 0.078387
vt 0.911041 0.050165
vt 0.745836 0.378217
vt 0.758830 0.360983
vt 0.780768 0.289580
vt 0.790286 0.257152
vt 0.774509 0.324024
vt 0.734756 0.388901
vt 0.688768 0.408771
vt 0.657018 0.413037
vt 0.904625 0.134346
vt 0.903750 0.147202
vt 0.942450 0.208013
vt 0.983190 0.231680
vt 0.920231 0.185744
vt 0.907442 0.122674
vt 0.928389 0.092576
vt 0.954903 0.071413
vt 0.720191 0.353289
vt 0.730559 0.342354
vt 0.735521 0.273339
vt 0.730665 0.239215
vt 0.737389 0.305400
vt 0.712026 0.360095
vt 0.672253 0.374497
vt 0.641280 0.373524
vt 0.975590 0.179882
vt 1.000000 0.143027
vt 0.985911 0.118323
vt 0.681465 0.279448
vt 0.652343 0.284884
vt 0.640385 0.329240
vt 0.861694 0.339809
vt 0.859840 0.316023
vt 0.801412 0.258427
vt 0.828895 0.266651
vt 0.598877 0.361069
vt 0.979823 0.056587
vt 0.605891 0.425105
vt 0.927315 0.022843
vt 0.634765 0.467554
vt 0.887489 0.010784
vt 0.846258 0.294423
vt 0.999084 0.573860
vt 0.878921 0.532434
vt 0.728965 0.490289
vt 0.893386 0.537812
vt 0.907902 0.543059
vt 0.917523 0.555315
vt 0.931990 0.560083
vt 0.979516 0.566878
vt 0.966765 0.562580
vt 0.842008 0.639554
vt 0.951602 0.566485
vt 0.786954 0.766948
vt 0.180684 0.021992
vt 0.786979 0.767333
vt 0.865337 0.276237
vt 0.861315 0.540361
vt 0.727718 0.491221
vt 0.809671 0.049604
vt 0.736811 0.494348
vt 0.753591 0.500461
vt 0.766983 0.514469
vt 0.784234 0.521125
vt 0.836616 0.531633
vt 0.818160 0.524957
vt 0.690096 0.597872
vt 0.799781 0.527110
vt 0.638472 0.724961
vt 0.591927 0.057203
vt 0.642753 0.726375
vt 0.769742 0.013083
vt 0.494271 0.062414
vt 0.760447 0.010594
vt 0.746367 0.005055
vt 0.525743 0.033046
vt 0.801710 0.017146
vt 0.736360 0.000000
vt 0.792447 0.016844
vt 0.799655 0.103486
vt 0.780659 0.201408
vt 0.984680 0.402318
vt 0.000000 0.035737
vt 0.053883 0.088001
vt 0.996781 0.459155
vt 0.985116 0.393127
vt 0.992606 0.448838
vt 0.988260 0.434468
vt 0.986552 0.425076
vt 0.915704 0.493995
vt 0.819998 0.517512
vt 0.609742 0.338757
vt 0.659244 0.226196
vt 0.505545 0.961324
vt 0.739544 0.782268
vt 0.324550 0.562094
vt 0.306270 0.627403
vt 0.653871 0.931258
vt 0.206106 0.052945
vt 0.327438 0.028501
vt 0.277113 0.055298
vt 0.734587 0.797940
vt 0.346875 0.574407
vt 0.327298 0.631430
vt 0.692473 0.889596
vt 0.644281 0.734748
vt 0.608246 0.053189
vt 0.152432 0.000003
vt 0.405620 0.029612
vt 0.379902 0.031606
vt 0.676107 0.746582
vt 0.446336 0.391286
vt 0.778772 0.402185
vt 0.236506 0.371614
vt 0.658270 0.191863
vt 0.759461 0.219102
vt 0.257844 0.402758
vt 0.473168 0.074533
vt 0.420177 0.418664
vt 0.428280 0.387441
vt 0.677295 0.197654
vt 0.218657 0.400818
vt 0.239746 0.402762
vt 0.244333 0.053541
vt 0.541319 0.087271
vt 0.660685 0.741355
vt 0.504807 0.079723
vt 0.458244 0.423854
vt 0.468888 0.394565
vt 0.437455 0.421430
vt 0.378407 0.859870
vt 0.443516 0.864550
vt 0.620402 0.074436
vt 0.646979 0.128459
vt 0.541003 0.420207
vt 0.518370 0.439702
vt 0.509777 0.445061
vt 0.516291 0.474229
vt 0.608204 0.773207
vt 0.628046 0.760228
vt 0.691512 0.759870
vt 0.348919 0.601144
vt 0.292873 0.596207
vt 0.296156 0.622966
vt 0.300173 0.569963
vt 0.554103 0.502394
vt 0.625092 0.619948
vt 0.626603 0.709230
vt 0.583424 0.791405
vt 0.480730 0.857086
vt 0.769105 0.057963
vt 0.788667 0.059197
vt 0.716101 0.038013
vt 0.800685 0.060209
vt 0.729418 0.043961
vt 0.747199 0.052310
vt 0.759157 0.055485
vt 0.748471 0.151317
vt 0.774416 0.151132
vt 0.679586 0.124658
vt 0.789927 0.153631
vt 0.697444 0.131162
vt 0.720074 0.143943
vt 0.735595 0.148014
vt 0.848772 0.434726
vt 0.851000 0.447785
vt 0.853782 0.463533
vt 0.864783 0.487011
vt 0.850062 0.393342
vt 0.869854 0.505261
vt 0.851223 0.408958
vt 0.937250 0.422639
vt 0.938935 0.432907
vt 0.941154 0.445267
vt 0.948258 0.463918
vt 0.937684 0.390475
vt 0.953134 0.477911
vt 0.937752 0.402728
vn -0.519893 -0.709981 -0.475015
vn -0.133270 -0.907482 -0.398391
vn -0.446158 -0.864273 -0.232327
vn -0.538040 -0.842893 -0.006628
vn 0.016644 -0.944963 -0.326754
vn 0.023676 -0.944337 -0.328127
vn 0.025405 -0.944245 -0.328261
vn 0.027978 -0.944480 -0.327377
vn 0.081809 -0.934144 -0.347393
vn 0.212800 -0.889509 -0.404339
vn 0.488833 -0.829115 -0.271312
vn 0.081719 -0.933890 -0.348097
vn 0.585076 -0.643526 -0.493519
vn 0.634634 -0.772367 -0.026265
vn -0.507239 -0.796008 0.330273
vn -0.501814 -0.762480 0.408420
vn -0.103446 -0.991001 0.084948
vn 0.035402 -0.998228 0.047828
vn 0.034151 -0.879593 0.474500
vn -0.135590 -0.871384 0.471493
vn 0.222122 -0.971795 0.079224
vn 0.376814 -0.916424 0.134827
vn 0.388738 -0.809195 0.440552
vn 0.254645 -0.847726 0.465313
vn 0.602901 -0.696041 0.389920
vn 0.609694 -0.728834 0.311569
vn -0.277564 -0.601584 0.749036
vn -0.385909 -0.572407 0.723481
vn 0.024619 -0.579458 0.814630
vn -0.101334 -0.612831 0.783690
vn 0.359046 -0.613375 0.703461
vn 0.198621 -0.594760 0.778980
vn 0.475633 -0.520592 0.709054
vn 0.344510 -0.556333 0.756179
vn -0.084377 -0.467417 0.880001
vn -0.300382 -0.459901 0.835621
vn 0.017396 -0.471927 0.881466
vn 0.040285 -0.478453 0.877189
vn 0.040285 -0.478453 0.877189
vn 0.017417 -0.472145 0.881349
vn 0.068691 -0.468821 0.880618
vn 0.153430 -0.455174 0.877084
vn 0.068692 -0.469080 0.880481
vn 0.381032 -0.418920 0.824210
vn -0.547763 -0.119393 0.828071
vn -0.425386 -0.138627 0.894332
vn -0.485700 0.184640 0.854403
vn -0.656085 0.192756 0.729656
vn -0.045489 -0.176985 0.983162
vn 0.017820 -0.173629 0.984650
vn -0.006521 0.194751 0.980831
vn -0.083810 0.183164 0.979503
vn 0.099142 -0.168287 0.980740
vn 0.432417 -0.096982 0.896443
vn 0.473384 0.239928 0.847551
vn 0.093847 0.195216 0.976260
vn 0.581762 -0.056128 0.811420
vn 0.661657 0.264322 0.701673
vn -0.683838 0.264506 0.680001
vn -0.522639 0.307299 0.795246
vn -0.532432 0.399466 0.746286
vn -0.709284 0.316372 0.629941
vn -0.098815 0.353490 0.930204
vn -0.017731 0.359908 0.932819
vn -0.027935 0.506550 0.861758
vn -0.110039 0.499769 0.859140
vn 0.086727 0.364654 0.927096
vn 0.487331 0.362360 0.794484
vn 0.484897 0.489397 0.724821
vn 0.077944 0.510996 0.856042
vn 0.676141 0.330063 0.658704
vn 0.700058 0.437329 0.564501
vn -0.705751 0.406044 0.580554
vn -0.543468 0.489760 0.681746
vn -0.528744 0.613947 0.586088
vn -0.697446 0.487170 0.525580
vn -0.117737 0.610628 0.783116
vn -0.035939 0.617698 0.785594
vn -0.045970 0.757335 0.651406
vn -0.123456 0.754700 0.644350
vn 0.069676 0.621794 0.780075
vn 0.491862 0.533685 0.687933
vn 0.442761 0.638096 0.629917
vn 0.053496 0.763927 0.643081
vn 0.688992 0.438458 0.577100
vn 0.653342 0.481269 0.584401
vn -0.542399 0.736062 0.404989
vn -0.667670 0.626833 0.401618
vn -0.059161 0.933011 0.354952
vn -0.120650 0.927060 0.354969
vn 0.345062 0.876297 0.336207
vn 0.020081 0.935467 0.352844
vn 0.493607 0.810973 0.314126
vn -0.480064 0.870717 0.106726
vn -0.228241 0.964733 0.131130
vn -0.335687 0.935568 -0.109671
vn -0.550329 0.828001 -0.107479
vn -0.084136 0.988370 0.126670
vn -0.060867 0.991518 0.114837
vn -0.063076 0.994481 -0.083840
vn -0.076738 0.993902 -0.079182
vn -0.030946 0.991583 0.125718
vn 0.078300 0.988863 0.126567
vn 0.166457 0.979376 -0.114519
vn -0.045726 0.995776 -0.079626
vn 0.347725 0.932755 0.095159
vn 0.419740 0.895261 -0.149423
vn -0.392994 0.786757 -0.475992
vn -0.584212 0.692635 -0.423028
vn -0.059950 0.851973 -0.520142
vn -0.059948 0.851932 -0.520210
vn 0.235394 0.830890 -0.504195
vn -0.059951 0.852031 -0.520047
vn 0.469177 0.752056 -0.462909
vn -0.337669 0.440367 -0.831899
vn -0.511812 0.381447 -0.769770
vn -0.047799 0.501152 -0.864038
vn -0.068958 0.489397 -0.869330
vn 0.227902 0.481866 -0.846089
vn -0.018835 0.489916 -0.871566
vn 0.436454 0.438477 -0.785650
vn -0.169598 0.235104 -0.957059
vn -0.401899 0.112869 -0.908701
vn -0.039828 0.309360 -0.950111
vn -0.074793 0.292821 -0.953238
vn 0.092457 0.259438 -0.961324
vn 0.007318 0.297489 -0.954697
vn 0.354939 0.158386 -0.921375
vn -0.525595 -0.140209 -0.839102
vn -0.387152 -0.151045 -0.909560
vn -0.436977 -0.306769 -0.845544
vn -0.560139 -0.299409 -0.772398
vn -0.297299 -0.034376 -0.954165
vn -0.228832 0.122967 -0.965668
vn -0.237540 0.118516 -0.964121
vn -0.270434 -0.050538 -0.961411
vn 0.204370 0.159145 -0.965870
vn 0.460787 -0.039812 -0.886617
vn 0.520526 -0.195283 -0.831214
vn 0.215044 0.153015 -0.964543
vn 0.508984 -0.098551 -0.855116
vn 0.555638 -0.249891 -0.792982
vn -0.535268 -0.541082 -0.648628
vn -0.540534 -0.539258 -0.645774
vn -0.193374 -0.981049 -0.012247
vn -0.025432 -0.999460 0.020828
vn -0.018996 -0.999586 0.021590
vn -0.193682 -0.980980 -0.012828
vn 0.215948 -0.976348 -0.010556
vn 0.208154 -0.976906 -0.048231
vn 0.208154 -0.976906 -0.048231
vn 0.219679 -0.975539 0.008055
vn 0.555429 -0.483153 -0.676803
vn 0.550272 -0.485491 -0.679337
vn -0.445633 -0.568031 -0.691919
vn -0.449608 -0.566990 -0.690199
vn -0.325890 -0.593386 -0.735995
vn -0.309321 -0.596038 -0.740985
vn -0.000001 -0.707106 -0.707107
vn 0.000000 -0.707107 -0.707107
vn 0.000000 -0.707106 -0.707107
vn -0.000001 -0.707106 -0.707108
vn 0.000001 -0.707106 -0.707107
vn 0.000002 -0.707106 -0.707107
vn 0.000002 -0.707106 -0.707108
vn 0.000001 -0.707107 -0.707107
vn 0.462259 -0.521318 -0.717317
vn 0.457661 -0.522991 -0.719046
vn 0.317562 -0.565706 -0.761006
vn 0.335308 -0.561131 -0.756770
vn -0.357304 -0.528823 -0.769858
vn -0.266659 -0.498894 -0.824620
vn -0.275291 -0.412674 -0.868283
vn -0.430490 -0.465499 -0.773298
vn -0.011774 -0.376067 -0.926517
vn 0.017759 -0.443574 -0.896062
vn 0.017306 -0.443561 -0.896077
vn -0.013104 -0.389480 -0.920942
vn 0.039761 -0.351140 -0.935478
vn 0.265897 -0.448722 -0.853198
vn 0.263913 -0.351489 -0.898223
vn 0.043913 -0.367917 -0.928821
vn 0.372208 -0.473571 -0.798243
vn 0.445945 -0.388821 -0.806196
vn 0.589824 -0.144943 -0.794418
vn 0.490478 0.007851 -0.871418
vn 0.665444 0.252295 -0.702519
vn 0.800553 0.096503 -0.591440
vn 0.680837 -0.326468 -0.655653
vn 0.884493 -0.183089 -0.429129
vn 0.680836 -0.326468 -0.655653
vn 0.680837 -0.326468 -0.655652
vn 0.884156 -0.183426 -0.429678
vn 0.882873 -0.184704 -0.431763
vn 0.539797 -0.699821 -0.467835
vn 0.624214 -0.530071 -0.573917
vn 0.848436 -0.450559 -0.277765
vn 0.729007 -0.659765 -0.182374
vn 0.785815 0.548893 -0.284978
vn 0.916624 0.361516 -0.170606
vn 0.997213 0.074160 0.008175
vn 0.997213 0.074160 0.008175
vn 0.997213 0.074160 0.008175
vn 0.963934 -0.210983 0.162228
vn 0.848916 -0.443460 0.287550
vn 0.767134 0.630109 -0.120284
vn 0.889461 0.456635 0.018530
vn 0.968000 0.171376 0.183321
vn 0.967035 0.174690 0.185275
vn 0.968404 0.177213 0.175470
vn 0.945119 -0.103686 0.309838
vn 0.822035 -0.375288 0.428273
vn 0.670262 0.737319 0.084317
vn 0.768125 0.609717 0.195525
vn 0.873336 0.287119 0.393505
vn 0.875797 0.286500 0.388456
vn 0.887814 0.289604 0.357654
vn 0.856056 -0.050415 0.514418
vn 0.711718 -0.339437 0.615013
vn -0.516682 -0.052721 -0.854552
vn -0.594381 -0.216163 -0.774587
vn -0.825631 -0.001298 -0.564208
vn -0.713943 0.169337 -0.679419
vn -0.658308 -0.407006 -0.633227
vn -0.870004 -0.288607 -0.399748
vn -0.658308 -0.407006 -0.633227
vn -0.658308 -0.407006 -0.633227
vn -0.868292 -0.290022 -0.402438
vn -0.869648 -0.288903 -0.400309
vn -0.575003 -0.602194 -0.553836
vn -0.467363 -0.760394 -0.450970
vn -0.650380 -0.742723 -0.159275
vn -0.797130 -0.549526 -0.250209
vn -0.957061 0.255237 -0.137435
vn -0.849454 0.460949 -0.256816
vn -0.998083 -0.045840 0.041589
vn -0.998083 -0.045840 0.041588
vn -0.998083 -0.045841 0.041589
vn -0.779598 -0.541401 0.314820
vn -0.925758 -0.324631 0.193873
vn -0.933319 0.357870 0.029062
vn -0.835891 0.542399 -0.084202
vn -0.975014 0.052306 0.215897
vn -0.977941 0.060995 0.199779
vn -0.970949 0.063848 0.230609
vn -0.757456 -0.457190 0.466088
vn -0.906873 -0.232333 0.351571
vn -0.854488 0.429705 0.291898
vn -0.747769 0.643485 0.163614
vn -0.893872 0.168507 0.415449
vn -0.910398 0.185533 0.369802
vn -0.891811 0.175622 0.416930
vn -0.659281 -0.373045 0.652829
vn -0.850053 -0.098881 0.517332
vn 0.093456 -0.993065 0.071334
vn -0.035177 -0.991919 0.121900
vn -0.035177 -0.991919 0.121900
vn 0.006062 -0.994357 0.105914
vn 0.118806 -0.983790 0.134319
vn 0.118806 -0.983790 0.134319
vn 0.118806 -0.983790 0.134319
vn 0.118806 -0.983790 0.134319
vn 0.078502 -0.943971 0.320556
vn 0.077382 -0.939903 0.332557
vn 0.077382 -0.939903 0.332557
vn 0.082298 -0.956933 0.278401
vn 0.004471 -0.990667 0.136233
vn 0.004471 -0.990667 0.136233
vn 0.004471 -0.990667 0.136233
vn 0.004471 -0.990667 0.136233
vn 0.067929 -0.900049 0.430461
vn 0.067074 -0.896454 0.438032
vn 0.067343 -0.897589 0.435660
vn 0.067929 -0.900049 0.430461
vn 0.190219 -0.835869 0.514917
vn 0.190219 -0.835869 0.514917
vn 0.190219 -0.835869 0.514917
vn 0.190219 -0.835869 0.514917
vn -0.071414 -0.851604 0.519298
vn -0.071414 -0.851604 0.519298
vn -0.071414 -0.851604 0.519298
vn -0.071414 -0.851604 0.519298
vn 0.055733 -0.895679 0.441196
vn 0.055438 -0.897333 0.437858
vn 0.055285 -0.898179 0.436141
vn 0.055733 -0.895679 0.441196
vn -0.348436 -0.209292 -0.913668
vn -0.286618 -0.173808 -0.942147
vn -0.286618 -0.173808 -0.942147
vn -0.351356 -0.210966 -0.912163
vn -0.955804 -0.016421 -0.293545
vn -0.955804 -0.016421 -0.293545
vn -0.955804 -0.016421 -0.293545
vn -0.955804 -0.016421 -0.293545
vn 0.341852 -0.168494 -0.924526
vn 0.402214 -0.194593 -0.894627
vn 0.402214 -0.194593 -0.894627
vn 0.342155 -0.168625 -0.924389
vn 0.940557 0.097629 -0.325301
vn 0.940557 0.097629 -0.325301
vn 0.940557 0.097629 -0.325301
vn 0.940557 0.097629 -0.325301
vn -0.345518 0.683433 0.643069
vn -0.366967 0.644643 0.670649
vn -0.366607 0.645324 0.670191
vn -0.345518 0.683433 0.643069
vn -0.966896 0.195788 0.163643
vn -0.966896 0.195788 0.163643
vn -0.966896 0.195788 0.163643
vn -0.966896 0.195788 0.163643
vn 0.941389 0.310556 0.131687
vn 0.941389 0.310556 0.131687
vn 0.941389 0.310556 0.131687
vn 0.941389 0.310556 0.131687
vn 0.334142 0.649458 0.683047
vn 0.309670 0.684733 0.659731
vn 0.308322 0.686599 0.658422
vn 0.334142 0.649458 0.683047
vn -0.366791 -0.562379 -0.741076
vn -0.317186 -0.584944 -0.746481
vn -0.317186 -0.584944 -0.746481
vn -0.367231 -0.562169 -0.741018
vn -0.968228 -0.201849 -0.147617
vn -0.968228 -0.201849 -0.147617
vn -0.968228 -0.201849 -0.147617
vn -0.968228 -0.201849 -0.147617
vn 0.406398 -0.515942 -0.754085
vn 0.459861 -0.481301 -0.746242
vn 0.459861 -0.481301 -0.746242
vn 0.407016 -0.515560 -0.754013
vn 0.979970 -0.084681 -0.180242
vn 0.979971 -0.084681 -0.180242
vn 0.979970 -0.084681 -0.180242
vn 0.979971 -0.084681 -0.180242
vn -0.365965 0.292588 0.883438
vn -0.384205 0.318873 0.866434
vn -0.383805 0.318294 0.866823
vn -0.365965 0.292588 0.883438
vn -0.972632 0.011042 0.232088
vn -0.972632 0.011042 0.232088
vn -0.972632 0.011042 0.232088
vn -0.972632 0.011042 0.232088
vn 0.971500 0.127965 0.199532
vn 0.971500 0.127965 0.199532
vn 0.971500 0.127965 0.199532
vn 0.971500 0.127965 0.199532
vn 0.388121 0.395224 0.832562
vn 0.371808 0.364210 0.853880
vn 0.371625 0.363867 0.854105
vn 0.388121 0.395224 0.832562
vn -0.195787 -0.978933 -0.057942
vn -0.167709 -0.985014 0.040262
vn -0.167709 -0.985014 0.040262
vn -0.188982 -0.981408 -0.033529
vn -0.358571 -0.918153 0.168588
vn -0.358571 -0.918153 0.168588
vn -0.358571 -0.918153 0.168588
vn -0.358571 -0.918153 0.168588
vn 0.308174 -0.949437 -0.059989
vn 0.321256 -0.939349 -0.120076
vn 0.321256 -0.939349 -0.120076
vn 0.305286 -0.951081 -0.047389
vn 0.471420 -0.868236 0.154689
vn 0.471420 -0.868236 0.154689
vn 0.471420 -0.868236 0.154689
vn 0.471420 -0.868236 0.154689
vn -0.156443 -0.562997 0.811517
vn -0.185213 -0.473827 0.860921
vn -0.177822 -0.497879 0.848820
vn -0.156443 -0.562997 0.811517
vn -0.368760 -0.650426 0.664050
vn -0.368760 -0.650426 0.664050
vn -0.368760 -0.650426 0.664050
vn -0.368760 -0.650426 0.664050
vn 0.465981 -0.600224 0.650072
vn 0.465981 -0.600224 0.650072
vn 0.465981 -0.600224 0.650072
vn 0.465981 -0.600224 0.650072
vn 0.278463 -0.395202 0.875371
vn 0.268123 -0.452473 0.850517
vn 0.265422 -0.466249 0.843898
vn 0.278463 -0.395202 0.875371
vn -0.210410 0.571442 -0.793209
vn -0.389247 0.460519 -0.797752
vn -0.389247 0.460519 -0.797752
vn -0.262233 0.542477 -0.798093
vn -0.997069 -0.076464 0.002715
vn -0.997069 -0.076464 0.002715
vn -0.997069 -0.076464 0.002715
vn -0.997069 -0.076464 0.002715
vn 0.208868 0.462006 -0.861931
vn 0.316331 0.503948 -0.803723
vn 0.316331 0.503948 -0.803723
vn 0.174617 0.447339 -0.877153
vn 0.997069 0.076464 -0.002715
vn 0.997069 0.076464 -0.002715
vn 0.997069 0.076464 -0.002715
vn 0.997069 0.076464 -0.002715
vn 0.051589 -0.645645 0.761893
vn 0.051589 -0.645645 0.761893
vn 0.051589 -0.645645 0.761893
vn 0.051589 -0.645645 0.761893
vn -0.997069 -0.076464 0.002715
vn -0.997069 -0.076464 0.002715
vn -0.997069 -0.076464 0.002715
vn -0.997069 -0.076464 0.002715
vn 0.997069 0.076464 -0.002715
vn 0.997069 0.076464 -0.002715
vn 0.997069 0.076464 -0.002715
vn 0.997069 0.076464 -0.002715
vn 0.051588 -0.645645 0.761893
vn 0.051588 -0.645645 0.761893
vn 0.051588 -0.645645 0.761893
vn 0.051588 -0.645645 0.761893
vn 0.024518 0.941250 -0.336819
vn 0.024518 0.941250 -0.336820
vn 0.024518 0.941250 -0.336820
vn 0.024518 0.941250 -0.336819
vn -0.776933 0.453391 0.436820
vn -0.776933 0.453391 0.436820
vn -0.776933 0.453391 0.436820
vn -0.776933 0.453391 0.436820
vn -0.169576 0.926365 -0.336290
vn -0.169577 0.926365 -0.336290
vn -0.169577 0.926365 -0.336290
vn -0.169576 0.926365 -0.336290
vn 0.701069 0.566738 0.432794
vn 0.701069 0.566737 0.432795
vn 0.701069 0.566737 0.432795
vn 0.701069 0.566738 0.432794
vn 0.113567 -0.173220 0.978314
vn 0.113567 -0.173220 0.978314
vn 0.113567 -0.173219 0.978314
vn 0.113567 -0.173220 0.978314
vn -0.776933 0.453391 0.436820
vn -0.776933 0.453391 0.436820
vn -0.776933 0.453391 0.436819
vn -0.776933 0.453391 0.436819
vn 0.701069 0.566738 0.432795
vn 0.701069 0.566737 0.432795
vn 0.701069 0.566737 0.432795
vn 0.701069 0.566738 0.432795
vn -0.080527 -0.188104 0.978842
vn -0.080527 -0.188104 0.978842
vn -0.080527 -0.188104 0.978842
vn -0.080527 -0.188104 0.978842
vn -0.019166 0.793923 -0.607715
vn -0.021180 0.793229 -0.608555
vn -0.021180 0.793229 -0.608556
vn -0.019289 0.793881 -0.607767
vn -0.980642 0.181889 0.072507
vn -0.980642 0.181889 0.072507
vn -0.980642 0.181889 0.072507
vn -0.980642 0.181889 0.072507
vn -0.103315 0.786930 -0.608332
vn -0.103315 0.786930 -0.608331
vn -0.103315 0.786930 -0.608332
vn -0.103315 0.786930 -0.608332
vn 0.937310 0.294596 0.186181
vn 0.937310 0.294596 0.186181
vn 0.937310 0.294596 0.186181
vn 0.937310 0.294596 0.186181
vn 0.079614 -0.468220 0.880018
vn 0.079614 -0.468220 0.880018
vn 0.079614 -0.468220 0.880018
vn 0.079614 -0.468220 0.880018
vn -0.059159 -0.892065 0.448017
vn -0.059159 -0.892065 0.448017
vn -0.059159 -0.892065 0.448017
vn -0.059159 -0.892065 0.448017
vn -0.232732 -0.800799 0.551867
vn -0.232732 -0.800799 0.551867
vn -0.232732 -0.800799 0.551867
vn -0.232732 -0.800799 0.551867
vn -0.002522 -0.474519 0.880242
vn -0.002522 -0.474519 0.880242
vn -0.002522 -0.474519 0.880242
vn -0.002522 -0.474519 0.880242
vn -0.085266 0.790381 -0.606653
vn -0.121042 0.797439 -0.591134
vn -0.204251 0.646543 -0.735026
vn -0.212654 0.656038 -0.724150
vn -0.861813 0.499514 0.088115
vn -0.666496 0.697145 -0.264144
vn -0.640528 0.529620 -0.556082
vn -0.902589 0.371164 -0.218109
vn 0.071391 0.780619 -0.620916
vn 0.102473 0.754302 -0.648482
vn 0.240712 0.678370 -0.694169
vn 0.210248 0.674919 -0.707305
vn 0.744481 0.613575 -0.263199
vn 0.819649 0.570904 -0.047373
vn 0.788828 0.554724 -0.264635
vn 0.613713 0.602462 -0.510290
vn -0.090933 -0.194979 0.976583
vn -0.164940 -0.255000 0.952770
vn -0.300269 -0.139977 0.943528
vn -0.169983 -0.127858 0.977117
vn -0.896532 0.119725 0.426494
vn -0.906254 0.249542 0.341222
vn -0.922928 0.172720 0.344051
vn -0.846619 0.086092 0.525190
vn 0.859298 0.381393 0.340802
vn 0.869085 0.252811 0.425180
vn 0.823557 0.210105 0.526887
vn 0.886508 0.307321 0.345915
vn 0.274828 -0.358187 0.892284
vn 0.218274 -0.262998 0.939781
vn 0.314002 -0.116449 0.942254
vn 0.378711 -0.150346 0.913222
vn -0.242256 -0.194494 -0.950518
vn -0.180203 -0.258835 -0.948963
vn -0.180203 -0.258835 -0.948963
vn -0.224007 -0.213788 -0.950850
vn -0.891218 -0.273627 -0.361744
vn -0.854200 -0.131865 -0.502946
vn -0.854200 -0.131865 -0.502946
vn -0.894097 -0.299401 -0.333092
vn 0.256443 -0.141288 -0.956177
vn 0.272495 -0.051019 -0.960804
vn 0.272495 -0.051019 -0.960804
vn 0.251630 -0.166001 -0.953481
vn 0.858863 -0.083387 -0.505373
vn 0.910274 -0.209946 -0.356825
vn 0.914399 -0.226469 -0.335540
vn 0.858863 -0.083387 -0.505373
vn -0.117413 0.118848 0.985946
vn -0.340852 0.116616 0.932856
vn -0.212797 0.118674 0.969863
vn -0.117413 0.118848 0.985946
vn -0.898515 -0.403994 0.171636
vn -0.871090 -0.487623 0.058543
vn -0.871090 -0.487623 0.058543
vn -0.902409 -0.382334 0.198694
vn 0.917833 -0.393915 0.049134
vn 0.929973 -0.333381 0.154942
vn 0.930910 -0.313235 0.187858
vn 0.917833 -0.393915 0.049134
vn 0.360746 0.094104 0.927905
vn 0.319591 0.094844 0.942797
vn 0.244746 0.095711 0.964852
vn 0.360746 0.094104 0.927905
vn -0.180460 -0.511491 -0.840126
vn -0.079704 -0.431243 -0.898708
vn -0.079704 -0.431243 -0.898708
vn -0.131263 -0.473231 -0.871104
vn -0.817720 -0.569895 -0.080953
vn -0.778665 -0.608249 -0.153990
vn -0.778665 -0.608249 -0.153990
vn -0.823090 -0.563614 -0.069730
vn 0.178367 -0.489315 -0.853672
vn 0.242856 -0.532210 -0.811032
vn 0.242856 -0.532210 -0.811032
vn 0.151719 -0.470760 -0.869118
vn 0.744725 -0.575221 -0.338386
vn 0.847970 -0.492867 -0.195010
vn 0.862413 -0.476901 -0.169734
vn 0.744725 -0.575222 -0.338386
vn -0.140791 -0.658938 0.738904
vn -0.338545 -0.674085 0.656503
vn -0.276663 -0.672623 0.686321
vn -0.140791 -0.658938 0.738904
vn -0.819909 -0.567366 0.076448
vn -0.852982 -0.521939 -0.001059
vn -0.852982 -0.521939 -0.001059
vn -0.820949 -0.566152 0.074264
vn 0.933392 -0.358855 -0.001462
vn 0.853086 -0.487510 0.185954
vn 0.855831 -0.484491 0.181166
vn 0.933392 -0.358855 -0.001462
vn 0.476308 -0.626912 0.616533
vn 0.338887 -0.642432 0.687340
vn 0.320470 -0.643309 0.695307
vn 0.476308 -0.626912 0.616533
vn -0.997069 -0.076464 0.002716
vn -0.997069 -0.076464 0.002716
vn 0.997069 0.076464 -0.002715
vn 0.997069 0.076464 -0.002715
vn 0.701069 0.566737 0.432796
vn 0.701069 0.566737 0.432796
vn -0.235921 -0.801470 0.549533
vn -0.235921 -0.801470 0.549533
vn -0.235921 -0.801470 0.549533
vn -0.235921 -0.801470 0.549533
vn 0.845544 0.524275 0.100956
vn 0.878631 0.477436 -0.007904
vn 0.924708 -0.325343 -0.197655
vn 0.924708 -0.325343 -0.197655
vn 0.933236 -0.359264 0.000394
vn 0.933236 -0.359264 0.000394
vn 0.000001 -0.707107 -0.707107
vn 0.000002 -0.707107 -0.707107
vn -0.000001 -0.707107 -0.707106
vn 0.000000 -0.707107 -0.707106
vn -0.852720 -0.522369 -0.000074
vn -0.852720 -0.522369 -0.000074
vn -0.889725 -0.413926 -0.192497
vn -0.889725 -0.413926 -0.192497
vn -0.892436 0.253470 0.373244
vn -0.952551 0.185075 0.241649
vn -0.060970 -0.890634 0.450615
vn -0.060970 -0.890634 0.450615
vn -0.060970 -0.890634 0.450615
vn -0.060970 -0.890634 0.450615
vn -0.776933 0.453391 0.436820
vn -0.776933 0.453391 0.436820
vn -0.997069 -0.076464 0.002715
vn -0.997069 -0.076464 0.002715
vn 0.997069 0.076464 -0.002715
vn 0.997069 0.076464 -0.002715
vn 0.701069 0.566737 0.432795
vn 0.701069 0.566737 0.432795
vn 0.937310 0.294595 0.186180
vn 0.937310 0.294595 0.186180
vn 0.937310 0.294595 0.186180
vn 0.937310 0.294595 0.186180
vn 0.851676 0.080708 0.517817
vn 0.739329 0.076358 0.669001
vn 0.910542 -0.192531 0.365850
vn 0.910542 -0.192531 0.365850
vn 0.772921 -0.557012 0.303860
vn 0.772921 -0.557012 0.303860
vn 0.270653 -0.962647 0.007544
vn 0.277036 -0.960835 0.006933
vn 0.215792 -0.976356 0.012740
vn 0.215793 -0.976356 0.012740
vn -0.242740 -0.969209 0.041370
vn -0.240196 -0.970001 0.037485
vn -0.004161 -0.999359 0.035568
vn -0.029628 -0.998840 0.037967
vn -0.790304 -0.597908 0.133887
vn -0.790304 -0.597908 0.133887
vn -0.897023 -0.209541 0.389156
vn -0.897023 -0.209541 0.389156
vn -0.853749 -0.046739 0.518583
vn -0.743905 -0.034067 0.667417
vn -0.970248 0.148307 0.191375
vn -0.970248 0.148307 0.191375
vn -0.970248 0.148307 0.191375
vn -0.970248 0.148307 0.191375
vn -0.776933 0.453391 0.436820
vn -0.776933 0.453391 0.436820
vn -0.139091 0.982018 0.127653
vn -0.139091 0.982018 0.127653
vn -0.845833 0.532278 -0.035303
vn -0.758565 0.651573 -0.005668
vn -0.924835 -0.301184 -0.232312
vn -0.924835 -0.301184 -0.232312
vn 0.888286 -0.048195 0.456755
vn 0.832910 -0.181649 0.522747
vn 0.025859 -0.056875 0.998046
vn 0.025859 -0.056875 0.998046
vn -0.302266 0.428129 0.851670
vn -0.260497 0.365953 0.893431
vn -0.499759 0.866093 -0.011140
vn -0.499759 0.866093 -0.011140
vn -0.871637 0.364435 -0.327776
vn -0.851497 0.429820 -0.300346
vn -0.237411 0.225145 -0.944958
vn -0.237411 0.225145 -0.944958
vn 0.040467 -0.341336 -0.939070
vn 0.019696 -0.302678 -0.952889
vn 0.986053 -0.166377 -0.004364
vn 0.986053 -0.166377 -0.004364
vn 0.969723 -0.180786 0.164174
vn 0.972789 -0.179503 0.146494
vn 0.098725 0.988307 0.116199
vn 0.098725 0.988307 0.116199
vn 0.791650 0.586250 -0.172052
vn 0.836581 0.510742 -0.198179
vn -0.042282 0.095153 0.994564
vn -0.042282 0.095153 0.994564
vn 0.433357 0.378648 0.817819
vn 0.483550 0.405671 0.775635
vn 0.920393 0.109127 -0.375458
vn 0.920393 0.109127 -0.375458
vn -0.684051 0.088384 0.724060
vn -0.777971 0.025980 0.627763
vn 0.172805 0.155844 -0.972549
vn 0.172805 0.155844 -0.972549
vn -0.236320 -0.353529 -0.905080
vn -0.263342 -0.386132 -0.884055
vn 0.452737 0.889238 -0.065455
vn 0.452737 0.889238 -0.065455
vn 0.805779 0.343001 -0.482774
vn 0.808632 0.325643 -0.489970
vn -0.782679 0.574135 0.240380
vn -0.782679 0.574135 0.240380
vn -0.932167 -0.025921 0.361099
vn -0.925831 -0.094610 0.365903
vn -0.000000 -0.707107 -0.707106
vn -0.000000 -0.707108 -0.707106
vn 0.000000 -0.707106 -0.707107
vn 0.075273 -0.414971 -0.906715
vn 0.075273 -0.414971 -0.906715
vn 0.235391 -0.243260 -0.940965
vn 0.235391 -0.243260 -0.940965
vn 0.039694 0.805380 -0.591429
vn 0.166096 0.664701 -0.728412
vn -0.103315 0.786930 -0.608332
vn -0.103315 0.786930 -0.608332
vn -0.169576 0.926366 -0.336289
vn -0.169576 0.926366 -0.336289
vn 0.002172 0.364654 -0.931140
vn 0.002172 0.364655 -0.931140
vn 0.054643 -0.901696 0.428904
vn 0.054643 -0.901696 0.428904
vn 0.274674 0.730741 0.624958
vn 0.274674 0.730741 0.624958
vn 0.352721 0.328613 0.876128
vn 0.352721 0.328613 0.876128
vn 0.244730 -0.559477 0.791892
vn 0.244730 -0.559477 0.791892
vn 0.279614 -0.958458 0.056343
vn 0.279614 -0.958458 0.056343
vn 0.343916 -0.552557 -0.759212
vn 0.343916 -0.552557 -0.759212
vn 0.253644 -0.130172 -0.958499
vn 0.253644 -0.130172 -0.958499
vn 0.086605 -0.969914 0.227520
vn 0.086605 -0.969915 0.227520
vn 0.051588 -0.645645 0.761893
vn 0.051588 -0.645645 0.761894
vn -0.080527 -0.188105 0.978842
vn -0.080527 -0.188105 0.978842
vn -0.002522 -0.474519 0.880242
vn -0.002522 -0.474519 0.880242
vn 0.162069 -0.169782 0.972064
vn 0.246234 -0.093819 0.964659
vn 0.161365 0.095992 0.982215
vn 0.161365 0.095992 0.982215
vn 0.143364 -0.638976 0.755749
vn 0.143364 -0.638976 0.755749
vn -0.000002 -0.707106 -0.707108
vn -0.000002 -0.707106 -0.707108
vn -0.000002 -0.707107 -0.707107
vn -0.207487 -0.977460 -0.038989
vn -0.207487 -0.977460 -0.038989
vn -0.240467 -0.555646 -0.795885
vn -0.240467 -0.555646 -0.795885
vn -0.349082 -0.074723 -0.934108
vn -0.349082 -0.074723 -0.934108
vn -0.028880 0.776809 -0.629074
vn -0.231277 0.640490 -0.732314
vn -0.016611 0.794799 -0.606645
vn -0.016611 0.794799 -0.606645
vn 0.024518 0.941251 -0.336818
vn 0.024518 0.941251 -0.336818
vn -0.051588 0.645645 -0.761893
vn -0.051588 0.645645 -0.761893
vn 0.066600 -0.894442 0.442198
vn 0.066600 -0.894442 0.442198
vn -0.391600 0.595322 0.701599
vn -0.391600 0.595322 0.701599
vn -0.409501 0.355865 0.840041
vn -0.409501 0.355865 0.840041
vn -0.204665 -0.406248 0.890548
vn -0.204665 -0.406248 0.890548
vn -0.302330 -0.841622 0.447515
vn -0.288159 -0.656954 0.696689
vn -0.287709 -0.944451 0.158856
vn -0.215020 -0.968004 -0.129363
vn -0.215020 -0.968004 -0.129363
vn -0.436131 -0.527008 -0.729419
vn -0.436131 -0.527008 -0.729419
vn -0.419803 -0.250184 -0.872453
vn -0.419803 -0.250184 -0.872453
vn 0.116737 -0.991228 0.061959
vn 0.116737 -0.991228 0.061959
vn 0.051588 -0.645645 0.761894
vn 0.051588 -0.645645 0.761894
vn 0.113567 -0.173219 0.978314
vn 0.113567 -0.173219 0.978314
vn 0.079614 -0.468220 0.880018
vn 0.079614 -0.468220 0.880018
vn -0.309339 -0.368534 0.876637
vn -0.498730 -0.170833 0.849756
vn -0.471169 0.112117 0.874888
vn -0.471169 0.112117 0.874888
vn -0.476744 -0.665071 0.574800
vn -0.476744 -0.665071 0.574800
vn -0.218103 -0.975917 0.004059
vn -0.218103 -0.975917 0.004059
vn 0.806245 0.183684 0.562343
vn 0.657949 0.072377 0.749576
vn 0.895590 0.278007 0.347319
vn 0.781774 0.526221 -0.334545
vn 0.893591 0.441295 -0.082184
vn 0.503682 0.570278 -0.648912
vn 0.386098 0.573023 -0.722892
vn 0.292229 0.577645 -0.762187
vn 0.228171 0.577403 -0.783928
vn -0.245249 0.550708 -0.797856
vn -0.295440 0.525964 -0.797545
vn -0.422556 0.453284 -0.784844
vn -0.557840 0.333133 -0.760156
vn -0.913847 0.243860 -0.324679
vn -0.987784 0.113499 0.106772
vn -0.927850 0.142700 0.344575
vn -0.826205 0.062549 0.559887
vn -0.663667 -0.025692 0.747587
vn -0.313607 -0.089981 0.945280
vn -0.594085 -0.046387 0.803063
vn -0.196796 -0.104413 0.974869
vn 0.336457 -0.052919 0.940211
vn 0.273465 -0.068341 0.959451
vn 0.428343 -0.029257 0.903143
vn 0.948175 0.100007 -0.301600
vn 0.948075 0.099832 -0.301974
vn 0.803057 -0.054575 -0.593398
vn 0.802895 -0.054700 -0.593605
vn -0.306232 -0.436582 -0.845942
vn -0.306195 -0.436578 -0.845958
vn -0.921533 -0.113797 0.371250
vn -0.921592 -0.113883 0.371077
vn -0.791445 0.015917 0.611033
vn -0.791609 0.015792 0.610824
vn 0.505330 0.417682 0.755105
vn 0.505286 0.417683 0.755134
vn 0.967970 -0.032002 -0.249018
vn 0.967236 -0.024168 -0.252726
vn 0.947346 -0.274369 -0.165099
vn 0.947219 -0.274596 -0.165451
vn 0.829639 -0.155504 -0.536207
vn 0.833782 -0.181420 -0.521434
vn 0.892210 -0.340068 -0.297177
vn 0.868826 -0.366884 -0.332473
vn -0.312754 -0.495050 -0.810624
vn -0.314841 -0.521702 -0.792908
vn -0.317773 -0.631338 -0.707413
vn -0.318329 -0.631250 -0.707242
vn -0.935971 -0.059974 0.346932
vn -0.935314 -0.062334 0.348286
vn -0.959351 0.014691 0.281832
vn -0.960290 0.012331 0.278730
vn -0.821091 0.087387 0.564068
vn -0.817684 0.076433 0.570570
vn -0.875638 0.174863 0.450201
vn -0.888323 0.162052 0.429676
vn 0.502786 0.414678 0.758451
vn 0.503143 0.415492 0.757769
vn 0.499215 0.411155 0.762716
vn 0.498958 0.411242 0.762838
vn 0.919053 -0.380811 -0.101607
vn 0.921659 -0.371031 -0.113491
vn 0.904823 -0.422995 -0.048698
vn 0.904823 -0.422995 -0.048698
vn 0.881345 -0.405037 -0.243260
vn 0.835524 -0.488226 -0.252061
vn 0.814269 -0.521460 -0.255041
vn 0.814269 -0.521460 -0.255041
vn -0.260234 -0.405557 -0.876243
vn -0.255861 -0.389437 -0.884802
vn -0.225105 -0.280866 -0.932975
vn -0.225105 -0.280866 -0.932975
vn -0.875191 0.483557 -0.014596
vn -0.889164 0.457581 0.002651
vn -0.756443 0.641314 -0.128490
vn -0.756443 0.641314 -0.128490
vn -0.713381 0.669710 0.206340
vn -0.823631 0.494952 0.276867
vn -0.631519 0.758751 0.159628
vn -0.631519 0.758751 0.159628
vn 0.495455 0.396284 0.772971
vn 0.495469 0.396506 0.772847
vn 0.494863 0.387699 0.777689
vn 0.494863 0.387699 0.777689
vn -0.314813 0.448512 0.836499
vn -0.314585 0.448497 0.836593
vn 0.892805 -0.035353 0.449054
vn 0.892803 -0.035350 0.449059
vn 0.968087 -0.181116 0.173216
vn 0.968087 -0.181114 0.173219
vn 0.102813 -0.451499 -0.886329
vn 0.102567 -0.451458 -0.886378
vn -0.900085 0.014058 -0.435487
vn -0.900090 0.014064 -0.435477
vn -0.977029 0.185210 -0.105417
vn -0.977029 0.185217 -0.105402
vn -0.311488 0.441110 0.841663
vn -0.311385 0.440716 0.841908
vn -0.295725 0.426168 0.854943
vn -0.297858 0.426413 0.854080
vn 0.876557 -0.061827 0.477310
vn 0.875745 -0.063048 0.478639
vn 0.821076 -0.076631 0.565652
vn 0.820783 -0.076330 0.566118
vn 0.955290 -0.251735 0.155080
vn 0.954971 -0.253187 0.154684
vn 0.896163 -0.441956 -0.039579
vn 0.905390 -0.424580 0.001252
vn 0.094442 -0.490378 -0.866378
vn 0.095537 -0.486079 -0.868677
vn 0.075983 -0.555010 -0.828366
vn 0.075301 -0.554831 -0.828548
vn -0.929159 0.022034 -0.369024
vn -0.926438 0.021252 -0.375847
vn -0.966421 0.034651 -0.254617
vn -0.966421 0.034651 -0.254617
vn -0.981276 0.130859 -0.141327
vn -0.981376 0.128266 -0.142997
vn -0.924936 -0.053754 -0.376303
vn -0.948269 -0.021547 -0.316737
vn -0.285918 0.480494 0.829082
vn -0.285972 0.480942 0.828803
vn -0.289726 0.513398 0.807763
vn -0.289726 0.513398 0.807763
vn 0.903562 0.310097 0.295661
vn 0.898649 0.254238 0.357481
vn 0.880557 0.463400 0.099398
vn 0.880557 0.463400 0.099398
vn 0.976629 -0.119784 -0.178460
vn 0.973524 0.176265 -0.145541
vn 0.920883 0.372439 -0.115164
vn 0.920883 0.372439 -0.115164
vn 0.078438 -0.356055 -0.931167
vn 0.077732 -0.392800 -0.916333
vn 0.079417 -0.286740 -0.954711
vn 0.079417 -0.286740 -0.954711
vn -0.999508 -0.021878 0.022471
vn -0.972254 0.175433 0.154745
vn -0.993683 -0.106630 -0.034999
vn -0.993683 -0.106630 -0.034999
vn -0.903970 -0.134941 -0.405746
vn -0.944246 -0.142410 -0.296847
vn -0.966231 -0.146781 -0.211788
vn -0.966231 -0.146781 -0.211788
vn 0.162107 -0.986766 -0.003792
vn 0.162107 -0.986766 -0.003792
vn 0.162107 -0.986766 -0.003792
vn 0.162107 -0.986766 -0.003792
vn 0.122508 -0.945341 0.302197
vn 0.122508 -0.945341 0.302197
vn 0.122508 -0.945341 0.302197
vn 0.122508 -0.945341 0.302197
vn 0.135620 -0.986088 -0.096110
vn 0.135620 -0.986088 -0.096110
vn 0.135620 -0.986088 -0.096110
vn 0.135620 -0.986088 -0.096110
vn 0.166892 -0.985975 0.000140
vn 0.166892 -0.985975 0.000140
vn 0.166892 -0.985975 0.000140
vn 0.166892 -0.985975 0.000140
vn 0.443819 -0.832433 0.331783
vn 0.443819 -0.832433 0.331783
vn 0.443819 -0.832433 0.331783
vn 0.443819 -0.832433 0.331783
vn 0.435720 -0.879366 -0.191997
vn 0.435720 -0.879366 -0.191997
vn 0.435720 -0.879366 -0.191997
vn 0.435720 -0.879366 -0.191997
vn 0.316170 -0.881710 -0.350177
vn 0.316170 -0.881710 -0.350177
vn 0.316170 -0.881710 -0.350177
vn 0.316170 -0.881710 -0.350177
vn 0.311434 -0.950124 0.016528
vn 0.311434 -0.950124 0.016528
vn 0.311434 -0.950124 0.016528
vn 0.311434 -0.950124 0.016528
vn 0.981426 0.031890 0.189171
vn 0.981426 0.031890 0.189171
vn 0.981426 0.031890 0.189171
vn 0.981426 0.031890 0.189171
vn 0.030507 -0.027133 0.999166
vn 0.030507 -0.027133 0.999166
vn 0.030507 -0.027133 0.999166
vn 0.030507 -0.027133 0.999166
vn 0.074003 -0.003025 -0.997253
vn 0.074003 -0.003025 -0.997253
vn 0.074003 -0.003025 -0.997253
vn 0.074003 -0.003025 -0.997253
vn 0.988602 0.038166 -0.145633
vn 0.988602 0.038166 -0.145633
vn 0.988602 0.038166 -0.145633
vn 0.988602 0.038166 -0.145633
vn -0.027242 -0.030709 0.999157
vn -0.027242 -0.030709 0.999157
vn -0.027242 -0.030709 0.999157
vn -0.027242 -0.030709 0.999157
vn -0.962658 -0.068037 0.262030
vn -0.962658 -0.068037 0.262030
vn -0.962658 -0.068037 0.262030
vn -0.962658 -0.068037 0.262030
vn -0.222865 -0.021481 -0.974613
vn -0.222865 -0.021481 -0.974613
vn -0.222865 -0.021481 -0.974613
vn -0.222865 -0.021481 -0.974613
vn -0.957552 -0.064088 -0.281045
vn -0.957552 -0.064088 -0.281045
vn -0.957552 -0.064088 -0.281045
vn -0.957552 -0.064088 -0.281045
vn 0.938954 -0.263077 0.221713
vn 0.938954 -0.263077 0.221713
vn 0.938954 -0.263077 0.221713
vn 0.938954 -0.263077 0.221713
vn 0.042340 -0.691275 0.721350
vn 0.042340 -0.691275 0.721350
vn 0.042340 -0.691275 0.721350
vn 0.042340 -0.691275 0.721350
vn 0.090204 0.741401 -0.664972
vn 0.090204 0.741401 -0.664972
vn 0.090204 0.741401 -0.664972
vn 0.090204 0.741401 -0.664972
vn 0.961288 0.177374 -0.210863
vn 0.961288 0.177374 -0.210863
vn 0.961288 0.177374 -0.210863
vn 0.961288 0.177374 -0.210863
vn -0.039786 -0.690221 0.722504
vn -0.039786 -0.690221 0.722504
vn -0.039786 -0.690221 0.722504
vn -0.039786 -0.690221 0.722504
vn -0.969710 -0.166047 0.179140
vn -0.969710 -0.166047 0.179140
vn -0.969710 -0.166047 0.179140
vn -0.969710 -0.166047 0.179140
vn -0.231724 0.726555 -0.646855
vn -0.231724 0.726555 -0.646855
vn -0.231724 0.726555 -0.646855
vn -0.231724 0.726555 -0.646855
vn -0.970156 0.182481 -0.159681
vn -0.970156 0.182481 -0.159681
vn -0.970156 0.182481 -0.159681
vn -0.970156 0.182481 -0.159681
vn 0.688729 0.673606 0.268155
vn 0.688729 0.673606 0.268155
vn 0.831005 0.550620 0.079045
vn 0.839469 0.539587 0.064329
vn 0.173445 -0.459527 0.871064
vn 0.173445 -0.459527 0.871064
vn 0.264416 -0.687297 0.676540
vn 0.275125 -0.713913 0.643922
vn 0.091643 0.754605 -0.649749
vn 0.091643 0.754605 -0.649749
vn 0.097234 0.761439 -0.640902
vn 0.094772 0.758441 -0.644814
vn 0.780291 0.603440 0.164333
vn 0.780291 0.603440 0.164333
vn 0.864616 0.498350 -0.063927
vn 0.854353 0.519109 -0.024636
vn -0.403125 -0.539377 0.739299
vn -0.403125 -0.539377 0.739299
vn -0.475578 -0.597355 0.645750
vn -0.478794 -0.599835 0.641057
vn -0.952445 0.304075 0.019662
vn -0.952445 0.304075 0.019662
vn -0.943610 0.293643 -0.152885
vn -0.946990 0.295951 -0.124992
vn -0.301361 0.703821 -0.643286
vn -0.301361 0.703821 -0.643286
vn -0.268669 0.635487 -0.723860
vn -0.279171 0.657535 -0.699794
vn -0.978944 0.141913 -0.146726
vn -0.978944 0.141913 -0.146726
vn -0.940507 0.131574 -0.313265
vn -0.943317 0.132238 -0.304412
vn -0.618453 -0.784541 0.044838
vn -0.618453 -0.784541 0.044838
vn -0.618453 -0.784541 0.044838
vn -0.618453 -0.784541 0.044838
vn -0.180215 -0.879284 -0.440887
vn -0.180215 -0.879285 -0.440887
vn -0.180215 -0.879285 -0.440887
vn -0.180215 -0.879284 -0.440887
vn -0.195158 -0.980016 -0.038508
vn -0.195158 -0.980016 -0.038508
vn -0.195158 -0.980016 -0.038508
vn -0.195158 -0.980016 -0.038508
vn -0.392389 -0.913769 -0.105149
vn -0.392389 -0.913769 -0.105149
vn -0.392389 -0.913769 -0.105149
vn -0.392389 -0.913769 -0.105149
vn -0.164760 -0.985979 0.026473
vn -0.164760 -0.985978 0.026473
vn -0.164760 -0.985979 0.026473
vn -0.164760 -0.985979 0.026473
vn -0.176876 -0.984225 -0.003916
vn -0.176876 -0.984225 -0.003916
vn -0.176876 -0.984225 -0.003916
vn -0.176876 -0.984225 -0.003916
vn -0.168398 -0.985136 -0.033899
vn -0.168398 -0.985136 -0.033899
vn -0.168398 -0.985136 -0.033899
vn -0.168398 -0.985136 -0.033899
vn -0.181269 -0.983434 0.000516
vn -0.181269 -0.983434 0.000516
vn -0.181269 -0.983434 0.000516
vn -0.181269 -0.983434 0.000516
vn 0.997132 -0.054374 0.052640
vn 0.997132 -0.054374 0.052640
vn 0.997132 -0.054374 0.052640
vn 0.997132 -0.054374 0.052640
vn 0.028479 -0.049433 0.998371
vn 0.028479 -0.049433 0.998371
vn 0.028479 -0.049433 0.998371
vn 0.028479 -0.049433 0.998371
vn 0.088021 -0.034344 -0.995526
vn 0.088021 -0.034344 -0.995526
vn 0.088021 -0.034344 -0.995526
vn 0.088021 -0.034344 -0.995526
vn 0.996137 -0.054919 -0.068516
vn 0.996137 -0.054919 -0.068516
vn 0.996137 -0.054919 -0.068516
vn 0.996137 -0.054919 -0.068516
vn -0.037428 -0.044011 0.998330
vn -0.037428 -0.044011 0.998330
vn -0.037428 -0.044011 0.998330
vn -0.037428 -0.044011 0.998330
vn -0.976629 0.037761 0.211590
vn -0.976629 0.037761 0.211590
vn -0.976629 0.037761 0.211590
vn -0.976629 0.037761 0.211590
vn -0.105595 -0.023100 -0.994141
vn -0.105595 -0.023100 -0.994141
vn -0.105595 -0.023100 -0.994141
vn -0.105595 -0.023100 -0.994141
vn -0.985500 0.044799 -0.163656
vn -0.985500 0.044799 -0.163656
vn -0.985500 0.044799 -0.163656
vn -0.985500 0.044799 -0.163656
vn 0.992254 -0.084697 0.090873
vn 0.992254 -0.084697 0.090873
vn 0.992254 -0.084698 0.090873
vn 0.992254 -0.084697 0.090873
vn 0.031417 -0.696351 0.717013
vn 0.031417 -0.696351 0.717013
vn 0.031417 -0.696351 0.717013
vn 0.031417 -0.696351 0.717013
vn 0.079804 0.738249 -0.669791
vn 0.079804 0.738249 -0.669791
vn 0.079804 0.738249 -0.669791
vn 0.079804 0.738249 -0.669791
vn 0.992150 0.093948 -0.082534
vn 0.992150 0.093948 -0.082534
vn 0.992150 0.093948 -0.082534
vn 0.992150 0.093948 -0.082534
vn -0.042241 -0.697281 0.715553
vn -0.042241 -0.697281 0.715553
vn -0.042241 -0.697281 0.715553
vn -0.042241 -0.697281 0.715553
vn -0.901795 -0.326082 0.283614
vn -0.901795 -0.326082 0.283614
vn -0.901795 -0.326082 0.283614
vn -0.901795 -0.326082 0.283614
vn -0.114688 0.733441 -0.670008
vn -0.114688 0.733441 -0.670008
vn -0.114688 0.733441 -0.670008
vn -0.114688 0.733441 -0.670008
vn -0.936883 0.231918 -0.261658
vn -0.936883 0.231918 -0.261658
vn -0.936883 0.231918 -0.261658
vn -0.936883 0.231918 -0.261658
vn 0.884960 0.442619 -0.144688
vn 0.884960 0.442619 -0.144688
vn 0.855764 0.435814 -0.278808
vn 0.848137 0.433512 -0.304516
vn 0.340708 -0.556959 0.757439
vn 0.340708 -0.556959 0.757439
vn 0.414140 -0.605993 0.679162
vn 0.413477 -0.605571 0.679942
vn 0.101794 0.728285 -0.677672
vn 0.101794 0.728285 -0.677672
vn 0.104033 0.728094 -0.677537
vn 0.104090 0.728089 -0.677534
vn 0.996961 0.054707 -0.055460
vn 0.996961 0.054707 -0.055460
vn 0.996420 0.059482 -0.060075
vn 0.996407 0.059593 -0.060183
vn -0.198412 -0.455616 0.867783
vn -0.198412 -0.455616 0.867783
vn -0.297841 -0.723298 0.623001
vn -0.290485 -0.703030 0.649129
vn -0.677622 0.707172 0.201834
vn -0.677622 0.707172 0.201834
vn -0.811410 0.584462 -0.004303
vn -0.801360 0.597989 0.015223
vn -0.101483 0.748341 -0.655505
vn -0.101483 0.748341 -0.655505
vn -0.092814 0.740406 -0.665721
vn -0.091016 0.738740 -0.667817
vn -0.759789 0.643933 0.089841
vn -0.759789 0.643933 0.089841
vn -0.814087 0.572935 -0.094911
vn -0.822908 0.549546 -0.144294
vn -0.013910 0.991124 0.132212
vn -0.013910 0.991124 0.132212
vn -0.013910 0.991124 0.132212
vn -0.013910 0.991124 0.132212
vn 0.000001 -0.707106 -0.707107
vn 0.000001 -0.707106 -0.707107
vn 0.000001 -0.707106 -0.707107
vn 0.000001 -0.707106 -0.707107
vn 0.848489 0.526196 0.056439
vn 0.664299 0.730744 0.157229
vn 0.664299 0.730744 0.157229
vn 0.797293 0.596939 0.089379
vn 0.013679 0.991055 0.132748
vn 0.013679 0.991055 0.132748
vn 0.013679 0.991056 0.132748
vn 0.013679 0.991055 0.132748
vn -0.926628 0.361727 0.102542
vn -0.983367 0.174821 0.049262
vn -0.966701 0.246256 0.069623
vn -0.926628 0.361727 0.102542
vn 0.000000 -0.707106 -0.707107
vn 0.000000 -0.707107 -0.707107
vn 0.000000 -0.707107 -0.707107
vn 0.000000 -0.707107 -0.707107
vn -0.009991 0.982529 0.185842
vn -0.009991 0.982529 0.185842
vn -0.009991 0.982529 0.185842
vn -0.009991 0.982529 0.185842
vn 0.000000 -0.707107 -0.707107
vn 0.000000 -0.707107 -0.707107
vn 0.000000 -0.707107 -0.707107
vn 0.000000 -0.707107 -0.707107
vn 0.983430 0.171755 0.058017
vn 0.932074 0.343063 0.116390
vn 0.932074 0.343063 0.116390
vn 0.969771 0.231132 0.078248
vn 0.013604 0.982487 0.185834
vn 0.013604 0.982487 0.185834
vn 0.013604 0.982487 0.185834
vn 0.013604 0.982487 0.185834
vn -0.682249 0.705537 0.191712
vn -0.856794 0.508295 0.086840
vn -0.813461 0.569549 0.117882
vn -0.682249 0.705537 0.191712
vn -0.000001 -0.707107 -0.707106
vn -0.000001 -0.707107 -0.707106
vn -0.000001 -0.707107 -0.707106
vn -0.000001 -0.707107 -0.707106
vn -0.000003 0.835142 0.550034
vn -0.000003 0.835143 0.550034
vn -0.000003 0.835142 0.550034
vn -0.000003 0.835142 0.550034
vn 0.000001 -0.707107 -0.707106
vn 0.000001 -0.707107 -0.707107
vn 0.000001 -0.707107 -0.707106
vn 0.000001 -0.707107 -0.707106
vn 0.924724 0.275838 0.262296
vn 0.787346 0.479983 0.386914
vn 0.787346 0.479983 0.386914
vn 0.907940 0.309071 0.283054
vn -0.000008 0.835143 0.550033
vn -0.000008 0.835143 0.550033
vn -0.000008 0.835143 0.550033
vn -0.000008 0.835143 0.550033
vn -0.962362 0.218559 0.161530
vn -0.989759 0.114836 0.084795
vn -0.987323 0.127677 0.094295
vn -0.962362 0.218559 0.161530
vn -0.000000 -0.707107 -0.707107
vn -0.000000 -0.707107 -0.707107
vn -0.000000 -0.707107 -0.707107
vn -0.000000 -0.707107 -0.707107
vn 0.000000 0.835142 0.550034
vn 0.000000 0.835142 0.550034
vn 0.000000 0.835142 0.550034
vn 0.000000 0.835142 0.550034
vn -0.000000 -0.707107 -0.707106
vn -0.000000 -0.707107 -0.707106
vn -0.000000 -0.707107 -0.707106
vn -0.000000 -0.707107 -0.707106
vn 0.989679 0.115184 0.085254
vn 0.963690 0.214566 0.158947
vn 0.963689 0.214566 0.158947
vn 0.987352 0.127427 0.094332
vn 0.000005 0.835142 0.550034
vn 0.000005 0.835142 0.550034
vn 0.000005 0.835142 0.550034
vn 0.000005 0.835142 0.550034
vn -0.793109 0.473452 0.383173
vn -0.924395 0.276468 0.262792
vn -0.908319 0.308300 0.282680
vn -0.793109 0.473452 0.383173
vn -0.000001 -0.707106 -0.707107
vn -0.000001 -0.707106 -0.707107
vn -0.000001 -0.707106 -0.707107
vn -0.000001 -0.707106 -0.707107
vn -0.000003 0.174049 0.984737
vn -0.000003 0.174049 0.984737
vn -0.000003 0.174049 0.984737
vn -0.000003 0.174049 0.984737
vn 0.000002 -0.707107 -0.707106
vn 0.000002 -0.707107 -0.707106
vn 0.000002 -0.707107 -0.707106
vn 0.000002 -0.707107 -0.707106
vn 0.858072 -0.133333 0.495918
vn 0.849901 -0.110033 0.515327
vn 0.778484 0.040132 0.626380
vn 0.778484 0.040132 0.626380
vn -0.000007 0.174049 0.984737
vn -0.000007 0.174049 0.984737
vn -0.000007 0.174049 0.984737
vn -0.000007 0.174049 0.984737
vn -0.962857 -0.028227 0.268531
vn -0.967718 -0.091436 0.234865
vn -0.968272 -0.124945 0.216420
vn -0.962857 -0.028227 0.268531
vn -0.000000 -0.707107 -0.707107
vn -0.000000 -0.707107 -0.707107
vn -0.000000 -0.707107 -0.707107
vn -0.000000 -0.707107 -0.707107
vn 0.000000 0.174049 0.984737
vn 0.000000 0.174049 0.984737
vn 0.000000 0.174049 0.984737
vn 0.000000 0.174049 0.984737
vn -0.000000 -0.707106 -0.707107
vn -0.000000 -0.707106 -0.707107
vn -0.000000 -0.707106 -0.707107
vn -0.000000 -0.707106 -0.707107
vn 0.968210 -0.090614 0.233148
vn 0.963766 -0.028639 0.265209
vn 0.963766 -0.028639 0.265209
vn 0.968647 -0.123354 0.215654
vn 0.000003 0.174049 0.984737
vn 0.000003 0.174049 0.984737
vn 0.000003 0.174049 0.984737
vn 0.000003 0.174049 0.984737
vn -0.783732 0.038623 0.619897
vn -0.851744 -0.108355 0.512633
vn -0.859058 -0.129685 0.495179
vn -0.783732 0.038623 0.619897
vn -0.000001 -0.707107 -0.707106
vn -0.000001 -0.707107 -0.707106
vn -0.000001 -0.707107 -0.707106
vn -0.000001 -0.707107 -0.707106
vn 0.997367 -0.023719 0.068529
vn 0.997367 -0.023719 0.068529
vn 0.983863 0.149837 -0.097789
vn 0.983863 0.149837 -0.097789
vn 0.933173 0.274920 -0.231533
vn 0.933173 0.274920 -0.231533
vn 0.888015 0.354933 -0.292321
vn 0.888015 0.354933 -0.292321
vn 0.101845 0.767000 -0.633513
vn 0.101845 0.767000 -0.633513
vn -0.246550 0.588795 -0.769762
vn -0.246550 0.588795 -0.769762
vn -0.881671 0.118834 -0.456657
vn -0.881671 0.118834 -0.456657
vn -0.914130 0.277977 -0.295120
vn -0.914130 0.277977 -0.295120
vn -0.999999 -0.001350 -0.000938
vn -0.999999 -0.001350 -0.000938
vn -0.999999 -0.000939 -0.000855
vn -0.999999 -0.000939 -0.000855
vn -0.963611 -0.206479 0.169766
vn -0.963611 -0.206479 0.169766
vn -0.545092 -0.648697 0.531101
vn -0.545092 -0.648697 0.531101
vn 0.324356 -0.835250 0.444015
vn 0.324356 -0.835250 0.444015
vn 0.892671 -0.345741 0.289140
vn 0.892671 -0.345741 0.289140
vn 0.495349 -0.654071 0.571683
vn 0.495349 -0.654071 0.571683
vn 0.963592 -0.207116 0.169099
vn 0.963592 -0.207116 0.169099
vn 0.999999 -0.000892 -0.000814
vn 0.999999 -0.000892 -0.000814
vn 0.999999 -0.001258 -0.000920
vn 0.999999 -0.001258 -0.000920
vn 0.800966 0.417356 -0.429264
vn 0.800966 0.417356 -0.429264
vn 0.995727 0.065097 -0.065503
vn 0.995727 0.065097 -0.065503
vn 0.106815 0.727850 -0.677366
vn 0.106815 0.727850 -0.677366
vn -0.084224 0.732387 -0.675659
vn -0.084224 0.732387 -0.675659
vn -0.830826 0.421722 -0.363151
vn -0.830826 0.421722 -0.363151
vn -0.894797 0.335819 -0.294217
vn -0.894797 0.335819 -0.294217
vn -0.987174 0.136373 -0.083009
vn -0.987174 0.136373 -0.083009
vn -0.997364 -0.023752 0.068561
vn -0.997364 -0.023752 0.068561
vn -0.892793 -0.346933 0.287328
vn -0.892793 -0.346933 0.287328
vn -0.340086 -0.842946 0.416874
vn -0.340086 -0.842946 0.416874
vn -0.915657 0.316428 0.247882
vn -0.915657 0.316428 0.247882
s 1
g pCube1
usemtl initialShadingGroup
f 1/1/1 2/2/2 7/3/3 6/4/4
f 317/5/5 3/6/6 8/7/7 316/8/8
f 278/9/9 4/10/10 9/11/11 277/12/12
f 4/10/10 5/13/13 10/14/14 9/11/11
f 6/4/4 7/3/3 12/15/15 11/16/16
s 4
f 312/17/17 122/18/18 123/19/19 311/20/20
f 273/21/21 125/22/22 126/23/23 272/24/24
s 1
f 9/11/11 10/14/14 14/25/25 13/26/26
f 11/16/16 12/15/15 16/27/27 15/28/28
s 4
f 311/20/20 123/19/19 127/29/29 310/30/30
f 272/24/24 126/23/23 129/31/31 271/32/32
s 1
f 13/26/26 14/25/25 19/33/33 18/34/34
f 15/28/28 16/27/27 21/35/35 20/36/36
f 306/37/37 17/38/38 22/39/39 305/40/40
f 267/41/41 18/34/34 23/42/42 266/43/43
f 18/34/34 19/33/33 24/44/44 23/42/42
s 7
f 20/36/45 21/35/46 26/45/47 25/46/48
f 305/40/49 22/39/50 27/47/51 304/48/52
f 266/43/53 23/42/54 28/49/55 265/50/56
f 23/42/54 24/44/57 29/51/58 28/49/55
f 213/52/59 214/53/60 31/54/61 30/55/62
f 303/56/63 215/57/64 32/58/65 302/59/66
f 264/60/67 216/61/68 33/62/69 263/63/70
f 216/61/68 217/64/71 34/65/72 33/62/69
f 185/66/73 186/67/74 36/68/75 35/69/76
f 301/70/77 187/71/78 37/72/79 300/73/80
f 262/74/81 188/75/82 38/76/83 261/77/84
f 188/75/82 189/78/85 39/79/86 38/76/83
f 35/69/76 36/68/75 41/80/87 40/81/88
f 300/73/80 37/72/79 42/82/89 299/83/90
f 261/77/84 38/76/83 43/84/91 260/85/92
f 38/76/83 39/79/86 44/86/93 43/84/91
s 10
f 40/81/94 41/80/95 46/87/96 45/88/97
f 299/83/98 42/82/99 47/89/100 298/90/101
f 260/85/102 43/84/103 48/91/104 259/92/105
f 43/84/103 44/86/106 49/93/107 48/91/104
f 45/88/97 46/87/96 51/94/108 50/95/109
f 298/90/101 47/89/100 52/96/110 297/97/111
f 259/92/105 48/91/104 53/98/112 258/99/113
f 48/91/104 49/93/107 54/100/114 53/98/112
f 50/95/109 51/94/108 56/101/115 55/102/116
f 297/97/111 52/96/110 57/103/117 296/104/118
f 258/99/113 53/98/112 58/105/119 257/106/120
f 53/98/112 54/100/114 59/107/121 58/105/119
f 55/102/116 56/101/115 61/108/122 60/109/123
f 296/104/118 57/103/117 62/110/124 295/111/125
f 257/106/120 58/105/119 63/112/126 256/113/127
f 58/105/119 59/107/121 64/114/128 63/112/126
s 13
f 60/109/129 61/108/130 66/115/131 65/116/132
f 295/111/133 62/110/134 67/117/135 294/118/136
f 256/113/137 63/112/138 68/119/139 255/120/140
f 63/112/138 64/114/141 69/121/142 68/119/139
f 65/116/132 66/115/131 180/122/143 181/123/144
s 16
f 288/124/145 171/125/146 201/583/147 287/530/148
f 249/128/149 174/129/150 200/600/151 248/545/152
s 13
f 68/119/139 69/121/142 193/132/153 194/133/154
f 70/134/155 71/135/156 208/136/157 209/137/158
s 17
f 434/517/159 435/139/160 436/140/161 437/141/162
s 18
f 401/532/163 402/143/164 403/144/165 404/145/166
s 13
f 72/146/167 73/147/168 221/148/169 222/149/170
f 74/150/171 75/151/172 2/2/173 1/1/174
f 318/152/175 76/153/176 3/6/177 317/5/178
f 279/154/179 77/155/180 4/10/181 278/9/182
f 77/155/180 78/156/183 5/13/184 4/10/181
s 21
f 69/121/185 64/114/186 59/107/187 79/157/188
f 193/132/189 69/121/185 79/157/188 192/158/190
f 221/148/191 73/147/192 80/159/193 220/160/194
f 5/13/195 78/156/196 81/161/197 10/14/198
f 79/157/188 59/107/187 54/100/199 82/162/200
f 192/158/190 79/157/188 82/162/200 191/163/201
f 220/160/194 80/159/193 83/164/202 219/165/203
f 10/14/198 81/161/197 84/166/204 14/25/205
f 82/162/200 54/100/199 49/93/206 85/167/207
f 191/163/201 82/162/200 85/167/207 190/168/208
f 219/165/203 83/164/202 86/169/209 218/170/210
f 14/25/205 84/166/204 87/171/211 19/33/212
f 85/167/207 49/93/206 44/86/213 39/79/214
f 190/168/208 85/167/207 39/79/214 189/78/215
f 218/170/210 86/169/209 34/65/216 217/64/217
f 19/33/212 87/171/211 29/51/218 24/44/219
s 22
f 60/109/220 65/116/221 88/172/222 55/102/223
f 65/116/221 181/123/224 182/173/225 88/172/222
f 70/134/226 209/137/227 210/174/228 89/175/229
f 74/150/230 1/1/231 6/4/232 90/176/233
f 55/102/223 88/172/222 91/177/234 50/95/235
f 88/172/222 182/173/225 183/178/236 91/177/234
f 89/175/229 210/174/228 211/179/237 92/180/238
f 90/176/233 6/4/232 11/16/239 93/181/240
f 50/95/235 91/177/234 94/182/241 45/88/242
f 91/177/234 183/178/236 184/183/243 94/182/241
f 92/180/238 211/179/237 212/184/244 95/185/245
f 93/181/240 11/16/239 15/28/246 96/186/247
f 45/88/242 94/182/241 35/69/248 40/81/249
f 94/182/241 184/183/243 185/66/250 35/69/248
f 95/185/245 212/184/244 213/52/251 30/55/252
f 96/186/247 15/28/246 20/36/253 25/46/254
s 25
f 316/8/255 8/7/256 98/571/257 315/188/258
s off
f 12/15/259 7/3/260 97/620/261 99/618/262
s 26
f 277/12/263 9/11/264 100/578/265 276/192/266
s off
f 9/11/267 13/26/268 101/617/269 100/578/270
s 27
f 17/38/271 306/37/272 307/572/273 102/195/274
s off
f 16/27/275 12/15/276 99/618/277 103/619/278
f 13/26/279 18/34/280 104/197/281 101/617/282
s 28
f 18/34/283 267/41/284 268/579/285 104/197/286
s 29
f 315/569/287 98/187/288 106/199/289 314/200/290
s off
f 99/190/291 97/189/292 105/201/293 107/202/294
s 30
f 276/577/295 100/191/296 108/203/297 275/204/298
s off
f 100/191/299 101/193/300 109/205/301 108/203/302
s 31
f 102/573/303 307/194/304 308/206/305 110/207/306
s off
f 103/196/307 99/190/308 107/202/309 111/208/310
f 101/193/311 104/580/312 112/209/313 109/205/314
s 32
f 104/580/315 268/198/316 269/210/317 112/209/318
s 33
f 314/200/319 106/199/320 114/211/321 313/212/322
s off
f 107/202/323 105/201/324 113/213/325 115/214/326
s 34
f 275/204/327 108/203/328 116/215/329 274/216/330
s off
f 108/203/331 109/205/332 117/217/333 116/215/334
s 35
f 110/207/335 308/206/336 309/218/337 118/219/338
s off
f 111/208/339 107/202/340 115/214/341 119/220/342
f 109/205/343 112/209/344 120/221/345 117/217/346
s 36
f 112/209/347 269/210/348 270/222/349 120/221/350
s 37
f 313/212/351 114/211/352 122/18/353 312/17/354
s off
f 115/214/355 113/213/356 121/223/357 124/224/358
s 38
f 274/216/359 116/215/360 125/22/361 273/21/362
s off
f 116/215/363 117/217/364 126/23/365 125/22/366
s 39
f 118/219/367 309/218/368 310/30/369 127/29/370
s off
f 119/220/371 115/214/372 124/224/373 128/225/374
f 117/217/375 120/221/376 129/31/377 126/23/378
s 40
f 120/221/379 270/222/380 271/32/381 129/31/382
s 41
f 294/118/383 67/117/384 131/226/385 293/227/386
s 42
f 180/122/387 66/115/388 130/228/389 179/229/390
s 43
f 255/120/391 68/119/392 133/230/393 254/231/394
s 44
f 68/119/395 194/133/396 195/232/397 133/230/398
s 45
f 76/153/399 318/152/400 319/233/401 135/234/402
s 46
f 208/136/403 71/135/404 132/235/405 207/236/406
s 47
f 72/146/407 222/149/408 223/237/409 134/238/410
s 48
f 77/155/411 279/154/412 280/239/413 137/240/414
s 49
f 293/227/415 131/226/416 139/241/417 292/242/418
s 50
f 206/597/419 179/229/420 130/228/421 138/244/422
s 51
f 254/231/423 133/230/424 141/245/425 253/246/426
s 52
f 133/230/427 195/232/428 196/603/429 141/245/430
s 53
f 135/234/431 319/233/432 320/248/433 143/249/434
s 54
f 234/592/435 207/236/436 132/235/437 140/598/438
s 55
f 134/238/439 223/237/440 224/594/441 142/605/442
s 56
f 137/240/443 280/239/444 281/254/445 145/255/446
s 57
f 292/242/447 139/241/448 147/256/449 291/257/450
s off
f 206/597/451 138/244/452 146/258/453 205/259/454
s 58
f 253/246/455 141/245/456 149/260/457 252/261/458
s off
f 141/245/459 196/603/460 197/604/461 149/260/462
s 59
f 143/249/463 320/248/464 321/263/465 151/264/466
s off
f 236/265/467 235/266/468 237/267/469 238/268/470
f 241/269/471 242/270/472 243/271/473 244/272/474
s 60
f 145/255/475 281/254/476 282/273/477 153/274/478
s 61
f 291/257/479 147/256/480 331/275/481 332/276/482
s 62
f 205/259/483 146/258/484 333/277/485 334/278/486
s 63
f 252/261/487 149/260/488 329/279/489 330/280/490
s 64
f 149/260/491 197/604/492 328/281/493 329/279/494
s 65
f 151/264/495 321/263/496 338/282/497 339/283/498
s 66
f 233/284/499 148/589/500 335/286/501 336/287/502
s 67
f 150/587/503 225/595/504 326/290/505 327/291/506
s 68
f 153/274/507 282/273/508 340/292/509 325/293/510
s 69
f 290/294/511 155/295/512 163/296/513 289/297/514
s 70
f 204/298/515 154/299/516 162/300/517 203/301/518
s 71
f 251/302/519 157/303/520 165/304/521 250/305/522
s 72
f 157/303/523 198/306/524 199/307/525 165/304/526
s 73
f 159/308/527 322/309/528 323/310/529 167/311/530
s 74
f 232/312/531 156/313/532 164/314/533 231/315/534
s 75
f 158/316/535 226/317/536 227/318/537 166/319/538
s 76
f 161/320/539 283/321/540 284/322/541 169/323/542
s 77
f 289/297/543 163/296/544 171/125/545 288/124/546
s 78
f 203/301/547 162/300/548 170/324/549 202/574/550
s 79
f 250/305/551 165/304/552 174/129/553 249/128/554
s 80
f 165/304/555 199/307/556 200/600/557 174/129/558
s 81
f 167/311/559 323/310/560 324/326/561 176/327/562
s 82
f 231/315/563 164/314/564 173/599/565 230/576/566
s 83
f 166/319/567 227/318/568 228/593/569 175/602/570
s 84
f 169/323/571 284/322/572 285/332/573 178/333/574
s 42
f 71/135/575 180/122/387 179/229/390 132/235/576
s 13
f 181/123/144 180/122/143 71/135/156 70/134/155
s 22
f 182/173/225 181/123/224 70/134/226 89/175/229
f 183/178/236 182/173/225 89/175/229 92/180/238
f 184/183/243 183/178/236 92/180/238 95/185/245
f 185/66/250 184/183/243 95/185/245 30/55/252
s 7
f 30/55/62 31/54/61 186/67/74 185/66/73
f 302/59/66 32/58/65 187/71/78 301/70/77
f 263/63/70 33/62/69 188/75/82 262/74/81
f 33/62/69 34/65/72 189/78/85 188/75/82
s 21
f 86/169/209 190/168/208 189/78/215 34/65/216
f 83/164/202 191/163/201 190/168/208 86/169/209
f 80/159/193 192/158/190 191/163/201 83/164/202
f 73/147/192 193/132/189 192/158/190 80/159/193
s 13
f 194/133/154 193/132/153 73/147/168 72/146/167
s 44
f 195/232/397 194/133/396 72/146/577 134/238/578
s 52
f 196/603/429 195/232/428 134/238/579 142/605/580
s off
f 246/334/581 245/335/582 241/269/583 244/272/584
s 64
f 328/281/493 197/604/492 150/587/585 327/291/586
s 72
f 199/307/525 198/306/524 158/316/587 166/319/588
s 80
f 200/600/557 199/307/556 166/319/589 175/602/590
s 18
f 406/510/591 405/337/592 402/143/164 401/532/163
s 17
f 439/508/593 438/339/594 435/139/160 434/517/159
s 78
f 164/314/595 203/301/547 202/574/550 173/599/596
s 70
f 156/313/597 204/298/515 203/301/518 164/314/598
s 62
f 148/589/599 205/259/483 334/278/486 335/286/600
s off
f 235/266/601 239/340/602 240/341/603 237/267/604
s 50
f 132/235/605 179/229/420 206/597/419 140/598/606
s 46
f 75/151/607 208/136/403 207/236/406 136/342/608
s 13
f 209/137/158 208/136/157 75/151/172 74/150/171
s 22
f 210/174/228 209/137/227 74/150/230 90/176/233
f 211/179/237 210/174/228 90/176/233 93/181/240
f 212/184/244 211/179/237 93/181/240 96/186/247
f 213/52/251 212/184/244 96/186/247 25/46/254
s 7
f 25/46/48 26/45/47 214/53/60 213/52/59
f 304/48/52 27/47/51 215/57/64 303/56/63
f 265/50/56 28/49/55 216/61/68 264/60/67
f 28/49/55 29/51/58 217/64/71 216/61/68
s 21
f 87/171/211 218/170/210 217/64/217 29/51/218
f 84/166/204 219/165/203 218/170/210 87/171/211
f 81/161/197 220/160/194 219/165/203 84/166/204
f 78/156/196 221/148/191 220/160/194 81/161/197
s 13
f 222/149/170 221/148/169 78/156/183 77/155/180
s 47
f 223/237/409 222/149/408 77/155/609 137/240/610
s 55
f 224/594/441 223/237/440 137/240/611 145/255/612
s off
f 225/595/613 224/594/614 145/255/615 153/274/616
s 67
f 326/290/505 225/595/504 153/274/617 325/293/618
s 75
f 227/318/537 226/317/536 161/320/619 169/323/620
s 83
f 228/593/569 227/318/568 169/323/621 178/333/622
s 85
f 285/332/623 247/584/624 228/593/625 178/333/626
f 324/326/627 286/575/628 229/585/629 176/327/630
s 82
f 168/346/631 231/315/563 230/576/566 177/347/632
s 74
f 160/348/633 232/312/531 231/315/534 168/346/634
s 66
f 152/349/635 233/284/499 336/287/502 337/350/636
s off
f 144/351/637 234/592/638 233/284/639 152/349/640
s 54
f 136/342/641 207/236/436 234/592/435 144/351/642
s 87
f 234/250/643 140/251/644 364/352/645 359/353/646
s 88
f 148/285/647 233/591/648 360/354/649 361/556/650
s 89
f 233/591/651 234/250/652 359/353/653 360/354/654
s 90
f 140/251/655 206/243/656 363/356/657 364/352/658
s 91
f 206/243/659 205/596/660 362/357/661 363/356/662
s 92
f 205/596/663 148/590/664 361/355/665 362/357/666
s 93
f 142/253/667 224/252/668 341/358/669 342/359/670
s 94
f 224/252/671 225/289/672 346/360/673 341/358/674
s 95
f 225/289/675 150/588/676 345/361/677 346/360/678
s 96
f 197/262/679 196/247/680 343/362/681 344/363/682
s 97
f 196/247/683 142/253/684 342/359/685 343/362/686
s 98
f 150/288/687 197/262/688 344/363/689 345/566/690
s 18
f 407/364/691 401/142/163 404/516/166 408/365/692
f 409/366/693 406/336/591 401/142/163 407/364/691
s 16
f 171/608/146 249/128/149 248/545/152 201/582/147
s 79
f 163/609/694 250/305/551 249/128/554 171/608/695
s 71
f 155/568/696 251/302/519 250/305/522 163/609/697
s 63
f 147/610/698 252/261/487 330/280/490 331/567/699
s 58
f 139/611/700 253/246/455 252/261/458 147/610/701
s 51
f 131/612/702 254/231/423 253/246/426 139/611/703
s 43
f 67/613/704 255/120/391 254/231/394 131/612/705
s 13
f 62/621/134 256/113/137 255/120/140 67/613/135
s 10
f 57/622/117 257/106/120 256/113/127 62/621/124
f 52/623/110 258/99/113 257/106/120 57/622/117
f 47/624/100 259/92/105 258/99/113 52/623/110
f 42/625/99 260/85/102 259/92/105 47/624/100
s 7
f 37/607/79 261/77/84 260/85/92 42/625/89
f 187/606/78 262/74/81 261/77/84 37/607/79
f 32/58/65 263/63/70 262/74/81 187/606/78
f 215/57/64 264/60/67 263/63/70 32/58/65
f 27/47/51 265/50/56 264/60/67 215/57/64
f 22/39/50 266/43/53 265/50/56 27/47/51
s 1
f 17/38/38 267/41/41 266/43/43 22/39/39
s 28
f 268/579/285 267/41/284 17/38/706 102/195/707
s 32
f 269/210/317 268/198/316 102/573/708 110/207/709
s 36
f 270/222/349 269/210/348 110/207/710 118/219/711
s 40
f 271/32/381 270/222/380 118/219/712 127/29/713
s 4
f 123/19/19 272/24/24 271/32/32 127/29/29
f 122/614/18 273/21/21 272/24/24 123/19/19
s 38
f 114/615/714 274/216/359 273/21/362 122/614/715
s 34
f 106/616/716 275/204/327 274/216/330 114/615/717
s 30
f 98/570/718 276/577/295 275/204/298 106/616/719
s 26
f 8/7/720 277/12/263 276/192/266 98/571/721
s 1
f 3/6/6 278/9/9 277/12/12 8/7/7
s 13
f 76/153/176 279/154/179 278/9/182 3/6/177
s 48
f 280/239/413 279/154/412 76/153/722 135/234/723
s 56
f 281/254/445 280/239/444 135/234/724 143/249/725
s 60
f 282/273/477 281/254/476 143/249/726 151/264/727
s 68
f 340/292/509 282/273/508 151/264/728 339/283/729
s 76
f 284/322/541 283/321/540 159/308/730 167/311/731
s 84
f 285/332/573 284/322/572 167/311/732 176/327/733
s 85
f 229/585/629 247/584/624 285/332/623 176/327/630
s 17
f 440/367/734 434/138/159 437/515/162 441/368/735
f 442/369/736 439/338/593 434/138/159 440/367/734
s 16
f 170/324/737 288/124/145 287/530/148 202/574/738
s 77
f 162/300/739 289/297/543 288/124/546 170/324/740
s 69
f 154/299/741 290/294/511 289/297/514 162/300/742
s 61
f 146/258/743 291/257/479 332/276/482 333/277/744
s 57
f 138/244/745 292/242/447 291/257/450 146/258/746
s 49
f 130/228/747 293/227/415 292/242/418 138/244/748
s 41
f 66/115/749 294/118/383 293/227/386 130/228/750
s 13
f 61/108/130 295/111/133 294/118/136 66/115/131
s 10
f 56/101/115 296/104/118 295/111/125 61/108/122
f 51/94/108 297/97/111 296/104/118 56/101/115
f 46/87/96 298/90/101 297/97/111 51/94/108
f 41/80/95 299/83/98 298/90/101 46/87/96
s 7
f 36/68/75 300/73/80 299/83/90 41/80/87
f 186/67/74 301/70/77 300/73/80 36/68/75
f 31/54/61 302/59/66 301/70/77 186/67/74
f 214/53/60 303/56/63 302/59/66 31/54/61
f 26/45/47 304/48/52 303/56/63 214/53/60
f 21/35/46 305/40/49 304/48/52 26/45/47
s 1
f 16/27/27 306/37/37 305/40/40 21/35/35
s 27
f 307/572/273 306/37/272 16/27/751 103/619/752
s 31
f 308/206/305 307/194/304 103/196/753 111/208/754
s 35
f 309/218/337 308/206/336 111/208/755 119/220/756
s 39
f 310/30/369 309/218/368 119/220/757 128/225/758
s 4
f 124/224/759 311/20/20 310/30/30 128/225/760
f 121/223/761 312/17/17 311/20/20 124/224/759
s 37
f 113/213/762 313/212/351 312/17/354 121/223/763
s 33
f 105/201/764 314/200/319 313/212/322 113/213/765
s 29
f 97/189/766 315/569/287 314/200/290 105/201/767
s 25
f 7/3/768 316/8/255 315/188/258 97/620/769
s 1
f 2/2/2 317/5/5 316/8/8 7/3/3
s 13
f 75/151/172 318/152/175 317/5/178 2/2/173
s 45
f 319/233/401 318/152/400 75/151/770 136/342/771
s 53
f 320/248/433 319/233/432 136/342/772 144/351/773
s 59
f 321/263/465 320/248/464 144/351/774 152/349/775
s 65
f 338/282/497 321/263/496 152/349/776 337/350/777
s 73
f 323/310/529 322/309/528 160/348/778 168/346/779
s 81
f 324/326/561 323/310/560 168/346/780 177/347/781
s 85
f 230/576/782 286/575/628 324/326/627 177/347/783
s 67
f 226/317/784 326/290/505 325/293/618 161/320/785
f 327/291/506 326/290/505 226/317/784 158/316/786
s 64
f 198/306/787 328/281/493 327/291/586 158/316/788
f 329/279/494 328/281/493 198/306/787 157/303/789
s 63
f 330/280/490 329/279/489 157/303/790 251/302/791
f 331/567/699 330/280/490 251/302/791 155/568/792
s 61
f 332/276/482 331/275/481 155/295/793 290/294/794
f 333/277/744 332/276/482 290/294/794 154/299/795
s 62
f 334/278/486 333/277/485 154/299/796 204/298/797
f 335/286/600 334/278/486 204/298/797 156/313/798
s 66
f 336/287/502 335/286/501 156/313/799 232/312/800
f 337/350/636 336/287/502 232/312/800 160/348/801
s 65
f 322/309/802 338/282/497 337/350/777 160/348/803
f 339/283/498 338/282/497 322/309/802 159/308/804
s 68
f 283/321/805 340/292/509 339/283/729 159/308/806
f 325/293/510 340/292/509 283/321/805 161/320/807
s 93
f 342/359/670 341/358/669 519/640/808 520/641/809
s 97
f 343/362/686 342/359/685 520/641/810 521/642/811
s 96
f 344/363/682 343/362/681 521/642/812 522/643/813
s 98
f 345/566/690 344/363/689 522/643/814 523/645/815
s 95
f 346/360/678 345/361/677 523/644/816 524/646/817
s 94
f 341/358/674 346/360/673 524/646/818 519/640/819
s 93
f 348/371/820 347/370/821 525/647/822 526/648/823
s 97
f 349/372/824 348/371/825 526/648/826 527/649/827
s 96
f 350/373/828 349/372/829 527/649/830 528/650/831
s 98
f 351/565/832 350/373/833 528/650/834 529/652/835
s 95
f 352/375/836 351/374/837 529/651/838 530/653/839
s 94
f 347/370/840 352/375/841 530/653/842 525/647/843
s 93
f 354/377/844 353/558/845 242/270/846 241/269/847
s 97
f 355/378/848 354/377/849 241/269/850 245/335/851
s 96
f 356/379/852 355/378/853 245/335/854 246/334/855
s 98
f 357/559/856 356/379/857 246/334/858 244/272/859
s 95
f 358/381/860 357/380/861 244/272/862 243/271/863
s 94
f 353/558/864 358/381/865 243/271/866 242/270/867
s 89
f 360/354/654 359/353/653 513/633/868 514/634/869
s 88
f 361/556/650 360/354/649 514/634/870 515/636/871
s 92
f 362/357/666 361/355/665 515/635/872 516/637/873
s 91
f 363/356/662 362/357/661 516/637/874 517/638/875
s 90
f 364/352/658 363/356/657 517/638/876 518/639/877
s 87
f 359/353/646 364/352/645 518/639/878 513/633/879
s 89
f 366/383/880 365/382/881 507/626/882 508/627/883
s 88
f 367/555/884 366/383/885 508/627/886 509/629/887
s 92
f 368/385/888 367/384/889 509/628/890 510/630/891
s 91
f 369/386/892 368/385/893 510/630/894 511/631/895
s 90
f 370/387/896 369/386/897 511/631/898 512/632/899
s 87
f 365/382/900 370/387/901 512/632/902 507/626/903
s 89
f 372/389/904 371/548/905 236/265/906 238/268/907
s 88
f 373/551/908 372/389/909 238/268/910 237/267/911
s 92
f 374/391/912 373/390/913 237/267/914 240/341/915
s 91
f 375/392/916 374/391/917 240/341/918 239/340/919
s 99
f 376/393/920 375/392/921 239/340/922 235/266/923
s 87
f 371/548/924 376/393/925 235/266/926 236/265/927
s off
f 175/331/928 228/330/929 378/394/930 377/395/931
f 228/330/932 247/343/933 379/396/934 378/394/935
f 248/131/936 200/130/937 380/397/938 381/398/939
f 200/130/940 175/331/941 377/395/942 380/397/943
f 247/343/944 229/586/945 383/399/946 379/396/947
f 229/586/948 172/601/949 382/401/950 383/399/951
f 201/581/952 248/546/953 381/544/954 384/402/955
f 172/601/956 201/581/957 384/402/958 382/401/959
f 377/395/960 378/394/961 386/403/962 385/404/963
f 378/394/964 379/396/965 387/405/966 386/403/967
f 381/398/968 380/397/969 388/406/970 389/407/971
f 380/397/972 377/395/973 385/404/974 388/406/975
f 379/396/976 383/399/977 391/408/978 387/405/979
f 383/399/980 382/401/981 390/409/982 391/408/983
f 384/402/984 381/544/985 389/542/986 392/410/987
f 382/401/988 384/402/989 392/410/990 390/409/991
f 385/404/992 386/403/993 394/543/994 393/541/995
f 386/403/996 387/405/997 395/539/998 394/543/999
f 389/407/1000 388/406/1001 396/540/1002 397/533/1003
f 388/406/1004 385/404/1005 393/541/1006 396/540/1007
f 387/405/1008 391/408/1009 399/538/1010 395/539/1011
f 391/408/1012 390/409/1013 398/537/1014 399/538/1015
f 392/410/1016 389/542/1017 397/534/1018 400/536/1019
f 390/409/1020 392/410/1021 400/536/1022 398/537/1023
s 100
f 393/412/1024 394/411/1025 481/419/1026 482/420/1027
s 101
f 467/421/1028 468/422/1029 491/423/1030 492/424/1031
s 102
f 397/415/1032 396/414/1033 483/425/1034 484/509/1035
s 103
f 396/414/1036 393/412/1037 482/420/1038 483/425/1039
s 104
f 468/422/1040 471/427/1041 490/428/1042 491/423/1043
s 105
f 399/416/1044 398/417/1045 486/429/1046 487/430/1047
s 106
f 400/418/1048 397/535/1049 484/426/1050 485/431/1051
s 107
f 398/417/1052 400/418/1053 485/431/1054 486/429/1055
s off
f 172/400/1056 229/345/1057 411/432/1058 410/433/1059
f 229/345/1060 286/344/1061 412/434/1062 411/432/1063
f 287/127/1064 201/126/1065 413/435/1066 414/436/1067
f 201/126/1068 172/400/1069 410/433/1070 413/435/1071
f 286/344/1072 230/329/1073 416/437/1074 412/434/1075
f 230/329/1076 173/328/1077 415/438/1078 416/437/1079
f 202/325/1080 287/531/1081 414/529/1082 417/439/1083
f 173/328/1084 202/325/1085 417/439/1086 415/438/1087
f 410/433/1088 411/432/1089 419/440/1090 418/441/1091
f 411/432/1092 412/434/1093 420/442/1094 419/440/1095
f 414/436/1096 413/435/1097 421/443/1098 422/444/1099
f 413/435/1100 410/433/1101 418/441/1102 421/443/1103
f 412/434/1104 416/437/1105 424/445/1106 420/442/1107
f 416/437/1108 415/438/1109 423/446/1110 424/445/1111
f 417/439/1112 414/529/1113 422/527/1114 425/447/1115
f 415/438/1116 417/439/1117 425/447/1118 423/446/1119
f 418/441/1120 419/440/1121 427/528/1122 426/526/1123
f 419/440/1124 420/442/1125 428/524/1126 427/528/1127
f 422/444/1128 421/443/1129 429/525/1130 430/518/1131
f 421/443/1132 418/441/1133 426/526/1134 429/525/1135
f 420/442/1136 424/445/1137 432/523/1138 428/524/1139
f 424/445/1140 423/446/1141 431/522/1142 432/523/1143
f 425/447/1144 422/527/1145 430/519/1146 433/521/1147
f 423/446/1148 425/447/1149 433/521/1150 431/522/1151
s 108
f 426/449/1152 427/448/1153 497/456/1154 498/457/1155
s 109
f 473/458/1156 474/459/1157 493/460/1158 494/461/1159
s 110
f 430/452/1160 429/451/1161 499/462/1162 500/507/1163
s 111
f 429/451/1164 426/449/1165 498/457/1166 499/462/1167
s 112
f 474/459/1168 477/464/1169 506/465/1170 493/460/1171
s 113
f 432/453/1172 431/454/1173 502/466/1174 503/467/1175
s 114
f 433/455/1176 430/520/1177 500/463/1178 501/468/1179
s 115
f 431/454/1180 433/455/1181 501/468/1182 502/466/1183
s off
f 394/411/1184 395/413/1185 444/469/1186 443/470/1187
f 404/145/1188 403/144/1189 446/471/1190 445/472/1191
s 116
f 481/419/1192 394/411/1193 443/470/1194 480/473/1195
s off
f 395/413/1196 399/416/1197 447/474/1198 444/469/1199
s 117
f 399/416/1200 487/430/1201 488/475/1202 447/474/1203
s off
f 408/365/1204 404/516/1205 445/514/1206 448/476/1207
f 427/448/1208 428/450/1209 450/477/1210 449/478/1211
f 437/141/1212 436/140/1213 452/479/1214 451/480/1215
s 118
f 497/456/1216 427/448/1217 449/478/1218 496/481/1219
s off
f 428/450/1220 432/453/1221 453/482/1222 450/477/1223
s 119
f 432/453/1224 503/467/1225 504/483/1226 453/482/1227
s off
f 441/368/1228 437/515/1229 451/513/1230 454/484/1231
f 443/470/1232 444/469/1233 456/485/1234 455/486/1235
f 445/472/1236 446/471/1237 458/487/1238 457/488/1239
s 120
f 480/473/1240 443/470/1241 455/486/1242 479/489/1243
s off
f 444/469/1244 447/474/1245 459/490/1246 456/485/1247
s 121
f 447/474/1248 488/475/1249 489/491/1250 459/490/1251
s off
f 448/476/1252 445/514/1253 457/512/1254 460/492/1255
f 449/478/1256 450/477/1257 462/493/1258 461/494/1259
f 451/480/1260 452/479/1261 464/495/1262 463/496/1263
s 122
f 496/481/1264 449/478/1265 461/494/1266 495/497/1267
s off
f 450/477/1268 453/482/1269 465/498/1270 462/493/1271
s 123
f 453/482/1272 504/483/1273 505/499/1274 465/498/1275
s off
f 454/484/1276 451/513/1277 463/511/1278 466/500/1279
f 455/486/1280 456/485/1281 468/422/1282 467/421/1283
f 457/488/1284 458/487/1285 470/501/1286 469/502/1287
s 124
f 492/424/1288 479/489/1289 455/486/1290 467/421/1291
s off
f 456/485/1292 459/490/1293 471/427/1294 468/422/1295
s 125
f 459/490/1296 489/491/1297 490/428/1298 471/427/1299
s off
f 460/492/1300 457/512/1301 469/502/1302 472/503/1303
f 461/494/1304 462/493/1305 474/459/1306 473/458/1307
f 463/496/1308 464/495/1309 476/504/1310 475/505/1311
s 126
f 495/497/1312 461/494/1313 473/458/1314 494/461/1315
s off
f 462/493/1316 465/498/1317 477/464/1318 474/459/1319
s 127
f 465/498/1320 505/499/1321 506/465/1322 477/464/1323
s off
f 466/500/1324 463/511/1325 475/505/1326 478/506/1327
s 120
f 446/471/1328 480/473/1240 479/489/1243 458/487/1329
s 116
f 403/144/1330 481/419/1192 480/473/1195 446/471/1331
s 100
f 482/420/1027 481/419/1026 403/144/1332 402/143/1333
s 103
f 483/425/1039 482/420/1038 402/143/1334 405/337/1335
s 102
f 484/509/1035 483/425/1034 405/337/1336 406/510/1337
s 106
f 485/431/1051 484/426/1050 406/336/1338 409/366/1339
s 107
f 486/429/1055 485/431/1054 409/366/1340 407/364/1341
s 105
f 487/430/1047 486/429/1046 407/364/1342 408/365/1343
s 117
f 488/475/1202 487/430/1201 408/365/1344 448/476/1345
s 121
f 489/491/1250 488/475/1249 448/476/1346 460/492/1347
s 125
f 490/428/1298 489/491/1297 460/492/1348 472/503/1349
s 104
f 491/423/1043 490/428/1042 472/503/1350 469/502/1351
s 101
f 492/424/1031 491/423/1030 469/502/1352 470/501/1353
s 124
f 458/487/1354 479/489/1289 492/424/1288 470/501/1355
s 109
f 494/461/1159 493/460/1158 475/505/1356 476/504/1357
s 126
f 464/495/1358 495/497/1312 494/461/1315 476/504/1359
s 122
f 452/479/1360 496/481/1264 495/497/1267 464/495/1361
s 118
f 436/140/1362 497/456/1216 496/481/1219 452/479/1363
s 108
f 498/457/1155 497/456/1154 436/140/1364 435/139/1365
s 111
f 499/462/1167 498/457/1166 435/139/1366 438/339/1367
s 110
f 500/507/1163 499/462/1162 438/339/1368 439/508/1369
s 114
f 501/468/1179 500/463/1178 439/338/1370 442/369/1371
s 115
f 502/466/1183 501/468/1182 442/369/1372 440/367/1373
s 113
f 503/467/1175 502/466/1174 440/367/1374 441/368/1375
s 119
f 504/483/1226 503/467/1225 441/368/1376 454/484/1377
s 123
f 505/499/1274 504/483/1273 454/484/1378 466/500/1379
s 127
f 506/465/1322 505/499/1321 466/500/1380 478/506/1381
s 112
f 493/460/1171 506/465/1170 478/506/1382 475/505/1383
s 89
f 508/627/883 507/626/882 371/388/905 372/554/904
s 88
f 509/629/887 508/627/886 372/554/909 373/552/908
s 92
f 510/630/891 509/628/890 373/553/913 374/550/912
s 91
f 511/631/895 510/630/894 374/550/917 375/549/916
s 99
f 512/632/1384 511/631/1385 375/549/921 376/547/920
s 87
f 507/626/903 512/632/902 376/547/925 371/388/924
s 89
f 514/634/869 513/633/868 365/382/881 366/383/880
s 88
f 515/636/871 514/634/870 366/383/885 367/555/884
s 92
f 516/637/873 515/635/872 367/384/889 368/385/888
s 91
f 517/638/875 516/637/874 368/385/893 369/386/892
s 90
f 518/639/877 517/638/876 369/386/897 370/387/896
s 87
f 513/633/879 518/639/878 370/387/901 365/382/900
s 93
f 520/641/809 519/640/808 347/370/821 348/371/820
s 97
f 521/642/811 520/641/810 348/371/825 349/372/824
s 96
f 522/643/813 521/642/812 349/372/829 350/373/828
s 98
f 523/645/815 522/643/814 350/373/833 351/565/832
s 95
f 524/646/817 523/644/816 351/374/837 352/375/836
s 94
f 519/640/819 524/646/818 352/375/841 347/370/840
s 93
f 526/648/823 525/647/822 353/376/845 354/564/844
s 97
f 527/649/827 526/648/826 354/564/849 355/563/848
s 96
f 528/650/831 527/649/830 355/563/853 356/562/852
s 98
f 529/652/835 528/650/834 356/562/857 357/560/856
s 95
f 530/653/839 529/651/838 357/561/861 358/557/860
s 94
f 525/647/843 530/653/842 358/557/865 353/376/864
